display_order,global_priority_rank,global_priority_score,llm_query_rank,vector_query_rank,bm25_query_rank,contributing_signals,run_id,source_table,source_column,rank,target_object_type,target_property,retrieval_methods,vector_score,bm25_score,selected_table,llm_rank,rank_grade,explanation,explanation_generator,source_definition,target_definition
1,1,100.000000,1,1,1,3,defense_reference_demo_schemora_gpt5_nano_v1,교전규칙,requirement,1,작전명령,applies_rule,bm25_match|bm25_match_syn|embedding_match|embedding_match_syn,0.65640652,1.78161919,true,1,High,SCHEMORA의 고정된 검색·테이블 선택·열 순위화 단계가 이 후보를 #1로 반환했습니다. 원 데모 점수와 같은 척도가 아닙니다.,deterministic_schemora_trace_v1,규칙을 준수하기 위해 충족해야 하는 요구사항,작전명령에 적용되는 교전규칙 식별자
2,1,100.000000,1,1,1,3,defense_reference_demo_schemora_gpt5_nano_v1,교전규칙,rule_type,1,작전명령,applies_rule,bm25_match|bm25_match_syn|embedding_match|embedding_match_syn,0.64042711,1.78161919,true,1,High,SCHEMORA의 고정된 검색·테이블 선택·열 순위화 단계가 이 후보를 #1로 반환했습니다. 원 데모 점수와 같은 척도가 아닙니다.,deterministic_schemora_trace_v1,ROE 또는 SOP와 같은 규칙 유형,작전명령에 적용되는 교전규칙 식별자
3,1,100.000000,1,1,1,3,defense_reference_demo_schemora_gpt5_nano_v1,아군_부대,available_firepower,1,적군_부대,available_firepower,bm25_match|bm25_match_syn|embedding_match|embedding_match_syn,0.86869001,4.17253876,true,1,High,SCHEMORA의 고정된 검색·테이블 선택·열 순위화 단계가 이 후보를 #1로 반환했습니다. 원 데모 점수와 같은 척도가 아닙니다.,deterministic_schemora_trace_v1,아군 부대가 사용할 수 있는 화력 수치,적군 부대가 사용할 수 있는 화력 수치
4,1,100.000000,1,1,1,3,defense_reference_demo_schemora_gpt5_nano_v1,아군_부대,unit_id,1,적군_부대,unit_id,bm25_match|bm25_match_syn|embedding_match|embedding_match_syn,1.00072670,3.08132124,true,1,High,SCHEMORA의 고정된 검색·테이블 선택·열 순위화 단계가 이 후보를 #1로 반환했습니다. 원 데모 점수와 같은 척도가 아닙니다.,deterministic_schemora_trace_v1,아군 부대를 식별하는 ID,적군 부대를 식별하는 ID
5,1,100.000000,1,1,1,3,defense_reference_demo_schemora_gpt5_nano_v1,아군_부대,unit_name,1,적군_부대,unit_name,bm25_match|bm25_match_syn|embedding_match|embedding_match_syn,0.95049882,3.46120501,true,1,High,SCHEMORA의 고정된 검색·테이블 선택·열 순위화 단계가 이 후보를 #1로 반환했습니다. 원 데모 점수와 같은 척도가 아닙니다.,deterministic_schemora_trace_v1,아군 부대의 표시 명칭,적군 부대의 표시 명칭
6,1,100.000000,1,1,1,3,defense_reference_demo_schemora_gpt5_nano_v1,작전명령,mission,1,교전규칙,rule_name,bm25_match|bm25_match_syn|embedding_match|embedding_match_syn,0.74617708,2.51665211,true,1,High,SCHEMORA의 고정된 검색·테이블 선택·열 순위화 단계가 이 후보를 #1로 반환했습니다. 원 데모 점수와 같은 척도가 아닙니다.,deterministic_schemora_trace_v1,부대가 수행해야 하는 임무 문장,교전규칙 또는 표준절차의 명칭
7,1,100.000000,1,1,1,3,defense_reference_demo_schemora_gpt5_nano_v1,작전명령,target_terrain,1,지형_정보,key_terrain,bm25_match_syn|embedding_match|embedding_match_syn,0.76881814,2.10961127,true,1,High,SCHEMORA의 고정된 검색·테이블 선택·열 순위화 단계가 이 후보를 #1로 반환했습니다. 원 데모 점수와 같은 척도가 아닙니다.,deterministic_schemora_trace_v1,작전이 확보하거나 방어해야 하는 목표 지형,핵심 지형 여부
8,1,100.000000,1,1,1,3,defense_reference_demo_schemora_gpt5_nano_v1,적군_부대,unit_name,1,아군_부대,unit_name,bm25_match_syn|embedding_match|embedding_match_syn,0.82306647,2.04746222,true,1,High,SCHEMORA의 고정된 검색·테이블 선택·열 순위화 단계가 이 후보를 #1로 반환했습니다. 원 데모 점수와 같은 척도가 아닙니다.,deterministic_schemora_trace_v1,적군 부대의 표시 명칭,아군 부대의 표시 명칭
9,1,100.000000,1,1,1,3,defense_reference_demo_schemora_gpt5_nano_v1,지형_정보,elevation,1,작전명령,target_terrain,bm25_match|bm25_match_syn|embedding_match,0.54737127,1.68026090,true,1,High,SCHEMORA의 고정된 검색·테이블 선택·열 순위화 단계가 이 후보를 #1로 반환했습니다. 원 데모 점수와 같은 척도가 아닙니다.,deterministic_schemora_trace_v1,미터 단위로 표시된 지형 고도,작전이 확보하거나 방어해야 하는 목표 지형
10,1,100.000000,1,1,1,3,defense_reference_demo_schemora_gpt5_nano_v1,지형_정보,key_terrain,1,작전명령,target_terrain,bm25_match|bm25_match_syn|embedding_match|embedding_match_syn,0.54737127,1.68026090,true,1,High,SCHEMORA의 고정된 검색·테이블 선택·열 순위화 단계가 이 후보를 #1로 반환했습니다. 원 데모 점수와 같은 척도가 아닙니다.,deterministic_schemora_trace_v1,핵심 지형 여부,작전이 확보하거나 방어해야 하는 목표 지형
11,11,99.728997,1,1,1.5,3,defense_reference_demo_schemora_gpt5_nano_v1,적군_부대,available_firepower,1,아군_부대,available_firepower,bm25_match|bm25_match_syn|embedding_match|embedding_match_syn,0.73488468,1.77524996,true,1,High,SCHEMORA의 고정된 검색·테이블 선택·열 순위화 단계가 이 후보를 #1로 반환했습니다. 원 데모 점수와 같은 척도가 아닙니다.,deterministic_schemora_trace_v1,적군 부대가 사용할 수 있는 화력 수치,아군 부대가 사용할 수 있는 화력 수치
12,12,99.462366,1,1,2,3,defense_reference_demo_schemora_gpt5_nano_v1,교전규칙,priority,1,작전명령,applies_rule,bm25_match|bm25_match_syn|embedding_match,0.57027102,1.78161919,true,1,High,SCHEMORA의 고정된 검색·테이블 선택·열 순위화 단계가 이 후보를 #1로 반환했습니다. 원 데모 점수와 같은 척도가 아닙니다.,deterministic_schemora_trace_v1,규칙 적용 우선순위,작전명령에 적용되는 교전규칙 식별자
13,12,99.462366,1,2,1,3,defense_reference_demo_schemora_gpt5_nano_v1,작전명령,operation_type,1,아군_부대,operation,bm25_match|bm25_match_syn|embedding_match|embedding_match_syn,0.60334861,1.37877619,true,1,High,SCHEMORA의 고정된 검색·테이블 선택·열 순위화 단계가 이 후보를 #1로 반환했습니다. 원 데모 점수와 같은 척도가 아닙니다.,deterministic_schemora_trace_v1,공격 또는 방어와 같은 작전 유형,아군 부대가 수행하는 작전의 축약 표현
14,12,99.462366,1,1,2,3,defense_reference_demo_schemora_gpt5_nano_v1,적군_부대,unit_id,1,아군_부대,unit_id,bm25_match|bm25_match_syn|embedding_match|embedding_match_syn,0.99985754,2.60461187,true,1,High,SCHEMORA의 고정된 검색·테이블 선택·열 순위화 단계가 이 후보를 #1로 반환했습니다. 원 데모 점수와 같은 척도가 아닙니다.,deterministic_schemora_trace_v1,적군 부대를 식별하는 ID,아군 부대를 식별하는 ID
15,12,99.462366,1,1,2,3,defense_reference_demo_schemora_gpt5_nano_v1,지형_정보,name,1,작전명령,target_terrain,bm25_match|bm25_match_syn|embedding_match_syn,0.59197438,1.68026090,true,1,High,SCHEMORA의 고정된 검색·테이블 선택·열 순위화 단계가 이 후보를 #1로 반환했습니다. 원 데모 점수와 같은 척도가 아닙니다.,deterministic_schemora_trace_v1,지형의 공식 명칭,작전이 확보하거나 방어해야 하는 목표 지형
16,12,99.462366,1,2,1,3,defense_reference_demo_schemora_gpt5_nano_v1,지형_정보,terrain_id,1,작전명령,target_terrain,bm25_match|bm25_match_syn|embedding_match|embedding_match_syn,0.53304082,1.68026090,true,1,High,SCHEMORA의 고정된 검색·테이블 선택·열 순위화 단계가 이 후보를 #1로 반환했습니다. 원 데모 점수와 같은 척도가 아닙니다.,deterministic_schemora_trace_v1,지형 객체를 식별하는 ID,작전이 확보하거나 방어해야 하는 목표 지형
17,12,99.462366,2,1,1,3,defense_reference_demo_schemora_gpt5_nano_v1,작전명령,deadline,2,교전규칙,priority,bm25_match_syn|embedding_match_syn,0.66532469,1.34655392,true,2,Medium,SCHEMORA의 고정된 검색·테이블 선택·열 순위화 단계가 이 후보를 #2로 반환했습니다. 원 데모 점수와 같은 척도가 아닙니다.,deterministic_schemora_trace_v1,작전 완료 또는 보고 기한,규칙 적용 우선순위
18,18,98.941799,1,1,3,3,defense_reference_demo_schemora_gpt5_nano_v1,지형_정보,note,1,작전명령,target_terrain,bm25_match|bm25_match_syn|embedding_match|embedding_match_syn,0.59435260,1.68026090,true,1,High,SCHEMORA의 고정된 검색·테이블 선택·열 순위화 단계가 이 후보를 #1로 반환했습니다. 원 데모 점수와 같은 척도가 아닙니다.,deterministic_schemora_trace_v1,지형의 작전적 특성을 설명하는 비고,작전이 확보하거나 방어해야 하는 목표 지형
19,18,98.941799,1,1,3,3,defense_reference_demo_schemora_gpt5_nano_v1,지형_정보,terrain_type,1,작전명령,target_terrain,bm25_match_syn|embedding_match_syn,0.58677554,1.68026090,true,1,High,SCHEMORA의 고정된 검색·테이블 선택·열 순위화 단계가 이 후보를 #1로 반환했습니다. 원 데모 점수와 같은 척도가 아닙니다.,deterministic_schemora_trace_v1,고지 또는 능선과 같은 지형 유형,작전이 확보하거나 방어해야 하는 목표 지형
20,20,98.924731,1,2,2,3,defense_reference_demo_schemora_gpt5_nano_v1,작전명령,issued_to_unit,1,아군_부대,unit_id,bm25_match|embedding_match|embedding_match_syn,0.77413464,1.59374774,true,1,High,SCHEMORA의 고정된 검색·테이블 선택·열 순위화 단계가 이 후보를 #1로 반환했습니다. 원 데모 점수와 같은 척도가 아닙니다.,deterministic_schemora_trace_v1,작전을 수행하도록 지정된 대상 부대 식별자,아군 부대를 식별하는 ID
21,20,98.924731,2,2,1,3,defense_reference_demo_schemora_gpt5_nano_v1,교전규칙,rule_id,2,작전명령,applies_rule,bm25_match|bm25_match_syn|embedding_match|embedding_match_syn,0.55457079,1.37127435,true,2,Medium,SCHEMORA의 고정된 검색·테이블 선택·열 순위화 단계가 이 후보를 #2로 반환했습니다. 원 데모 점수와 같은 척도가 아닙니다.,deterministic_schemora_trace_v1,교전규칙 또는 표준절차를 식별하는 ID,작전명령에 적용되는 교전규칙 식별자
22,22,98.437500,4,1,1,3,defense_reference_demo_schemora_gpt5_nano_v1,교전규칙,condition,4,작전명령,applies_rule,bm25_match|embedding_match,0.61617190,1.37127435,true,4,Medium,SCHEMORA의 고정된 검색·테이블 선택·열 순위화 단계가 이 후보를 #4로 반환했습니다. 원 데모 점수와 같은 척도가 아닙니다.,deterministic_schemora_trace_v1,규칙이 적용되는 조건,작전명령에 적용되는 교전규칙 식별자
23,22,98.437500,4,1,1,3,defense_reference_demo_schemora_gpt5_nano_v1,적군_부대,operation,4,작전명령,operation_type,bm25_match_syn|embedding_match_syn,0.68653107,2.16978216,true,4,Medium,SCHEMORA의 고정된 검색·테이블 선택·열 순위화 단계가 이 후보를 #4로 반환했습니다. 원 데모 점수와 같은 척도가 아닙니다.,deterministic_schemora_trace_v1,적군 부대와 관련된 작전의 축약 표현,공격 또는 방어와 같은 작전 유형
24,24,98.404165,1,2,3,3,defense_reference_demo_schemora_gpt5_nano_v1,교전규칙,condition,1,작전명령,operation_name,bm25_match|embedding_match,0.53794438,1.19911718,true,1,High,SCHEMORA의 고정된 검색·테이블 선택·열 순위화 단계가 이 후보를 #1로 반환했습니다. 원 데모 점수와 같은 척도가 아닙니다.,deterministic_schemora_trace_v1,규칙이 적용되는 조건,작전의 고유 명칭
25,24,98.404165,1,2,3,3,defense_reference_demo_schemora_gpt5_nano_v1,교전규칙,rule_name,1,작전명령,applies_rule,bm25_match|bm25_match_syn|embedding_match,0.50353932,1.37127435,true,1,High,SCHEMORA의 고정된 검색·테이블 선택·열 순위화 단계가 이 후보를 #1로 반환했습니다. 원 데모 점수와 같은 척도가 아닙니다.,deterministic_schemora_trace_v1,교전규칙 또는 표준절차의 명칭,작전명령에 적용되는 교전규칙 식별자
26,24,98.404165,1,2,3,3,defense_reference_demo_schemora_gpt5_nano_v1,작전명령,deadline,1,교전규칙,rule_name,bm25_match_syn|embedding_match_syn,0.52003193,1.13787580,true,1,High,SCHEMORA의 고정된 검색·테이블 선택·열 순위화 단계가 이 후보를 #1로 반환했습니다. 원 데모 점수와 같은 척도가 아닙니다.,deterministic_schemora_trace_v1,작전 완료 또는 보고 기한,교전규칙 또는 표준절차의 명칭
27,24,98.404165,3,1,2,3,defense_reference_demo_schemora_gpt5_nano_v1,교전규칙,rule_name,3,작전명령,mission,bm25_match|embedding_match,0.50809854,1.57869399,true,3,Medium,SCHEMORA의 고정된 검색·테이블 선택·열 순위화 단계가 이 후보를 #3로 반환했습니다. 원 데모 점수와 같은 척도가 아닙니다.,deterministic_schemora_trace_v1,교전규칙 또는 표준절차의 명칭,부대가 수행해야 하는 임무 문장
28,28,98.387097,2,2,2,3,defense_reference_demo_schemora_gpt5_nano_v1,아군_부대,operation,2,작전명령,mission,bm25_match|bm25_match_syn|embedding_match|embedding_match_syn,0.82734811,1.68821990,true,2,Medium,SCHEMORA의 고정된 검색·테이블 선택·열 순위화 단계가 이 후보를 #2로 반환했습니다. 원 데모 점수와 같은 척도가 아닙니다.,deterministic_schemora_trace_v1,아군 부대가 수행하는 작전의 축약 표현,부대가 수행해야 하는 임무 문장
29,28,98.387097,2,2,2,3,defense_reference_demo_schemora_gpt5_nano_v1,아군_부대,unit_id,2,적군_부대,unit_name,bm25_match|bm25_match_syn|embedding_match|embedding_match_syn,0.75240171,2.41262794,true,2,Medium,SCHEMORA의 고정된 검색·테이블 선택·열 순위화 단계가 이 후보를 #2로 반환했습니다. 원 데모 점수와 같은 척도가 아닙니다.,deterministic_schemora_trace_v1,아군 부대를 식별하는 ID,적군 부대의 표시 명칭
30,30,98.166497,4,1,1.5,3,defense_reference_demo_schemora_gpt5_nano_v1,작전명령,operation_name,4,적군_부대,unit_name,bm25_match|bm25_match_syn|embedding_match|embedding_match_syn,0.63067758,1.51589847,true,4,Medium,SCHEMORA의 고정된 검색·테이블 선택·열 순위화 단계가 이 후보를 #4로 반환했습니다. 원 데모 점수와 같은 척도가 아닙니다.,deterministic_schemora_trace_v1,작전의 고유 명칭,적군 부대의 표시 명칭
31,31,98.133162,3,2,1.5,3,defense_reference_demo_schemora_gpt5_nano_v1,작전명령,operation_name,3,아군_부대,unit_name,bm25_match_syn|embedding_match_syn,0.60530639,1.51589847,true,3,Medium,SCHEMORA의 고정된 검색·테이블 선택·열 순위화 단계가 이 후보를 #3로 반환했습니다. 원 데모 점수와 같은 척도가 아닙니다.,deterministic_schemora_trace_v1,작전의 고유 명칭,아군 부대의 표시 명칭
32,31,98.133162,3,2,1.5,3,defense_reference_demo_schemora_gpt5_nano_v1,적군_부대,available_firepower,3,교전규칙,priority,bm25_match|embedding_match,0.55396783,1.77524996,true,3,Medium,SCHEMORA의 고정된 검색·테이블 선택·열 순위화 단계가 이 후보를 #3로 반환했습니다. 원 데모 점수와 같은 척도가 아닙니다.,deterministic_schemora_trace_v1,적군 부대가 사용할 수 있는 화력 수치,규칙 적용 우선순위
33,33,98.124731,2,2,2.5,3,defense_reference_demo_schemora_gpt5_nano_v1,적군_부대,unit_name,2,아군_부대,unit_id,bm25_match_syn|embedding_match|embedding_match_syn,0.78224987,2.03560686,true,2,Medium,SCHEMORA의 고정된 검색·테이블 선택·열 순위화 단계가 이 후보를 #2로 반환했습니다. 원 데모 점수와 같은 척도가 아닙니다.,deterministic_schemora_trace_v1,적군 부대의 표시 명칭,아군 부대를 식별하는 ID
34,34,97.948718,1,5,1,3,defense_reference_demo_schemora_gpt5_nano_v1,작전명령,opord_id,1,아군_부대,operation,bm25_match|bm25_match_syn|embedding_match|embedding_match_syn,0.56391150,1.89033604,true,1,High,SCHEMORA의 고정된 검색·테이블 선택·열 순위화 단계가 이 후보를 #1로 반환했습니다. 원 데모 점수와 같은 척도가 아닙니다.,deterministic_schemora_trace_v1,작전명령을 식별하는 ID,아군 부대가 수행하는 작전의 축약 표현
35,35,97.899866,4,1,2,3,defense_reference_demo_schemora_gpt5_nano_v1,작전명령,applies_rule,4,교전규칙,priority,bm25_match|embedding_match|embedding_match_syn,0.65993482,1.34655392,true,4,Medium,SCHEMORA의 고정된 검색·테이블 선택·열 순위화 단계가 이 후보를 #4로 반환했습니다. 원 데모 점수와 같은 척도가 아닙니다.,deterministic_schemora_trace_v1,작전명령에 적용되는 교전규칙 식별자,규칙 적용 우선순위
36,35,97.899866,4,1,2,3,defense_reference_demo_schemora_gpt5_nano_v1,작전명령,opord_id,4,적군_부대,unit_id,bm25_match_syn|embedding_match|embedding_match_syn,0.68340826,1.42296696,true,4,Medium,SCHEMORA의 고정된 검색·테이블 선택·열 순위화 단계가 이 후보를 #4로 반환했습니다. 원 데모 점수와 같은 척도가 아닙니다.,deterministic_schemora_trace_v1,작전명령을 식별하는 ID,적군 부대를 식별하는 ID
37,37,97.866530,2,2,3,3,defense_reference_demo_schemora_gpt5_nano_v1,작전명령,opord_id,2,아군_부대,unit_id,bm25_match_syn|embedding_match|embedding_match_syn,0.64565653,1.20244694,true,2,Medium,SCHEMORA의 고정된 검색·테이블 선택·열 순위화 단계가 이 후보를 #2로 반환했습니다. 원 데모 점수와 같은 척도가 아닙니다.,deterministic_schemora_trace_v1,작전명령을 식별하는 ID,아군 부대를 식별하는 ID
38,37,97.866530,3,2,2,3,defense_reference_demo_schemora_gpt5_nano_v1,작전명령,target_terrain,3,지형_정보,terrain_type,bm25_match|bm25_match_syn|embedding_match|embedding_match_syn,0.64701629,1.37877619,true,3,Medium,SCHEMORA의 고정된 검색·테이블 선택·열 순위화 단계가 이 후보를 #3로 반환했습니다. 원 데모 점수와 같은 척도가 아닙니다.,deterministic_schemora_trace_v1,작전이 확보하거나 방어해야 하는 목표 지형,고지 또는 능선과 같은 지형 유형
39,39,97.629463,3,1,3.5,3,defense_reference_demo_schemora_gpt5_nano_v1,지형_정보,terrain_id,3,적군_부대,operation,bm25_match|bm25_match_syn|embedding_match|embedding_match_syn,0.54871321,1.17919350,true,3,Medium,SCHEMORA의 고정된 검색·테이블 선택·열 순위화 단계가 이 후보를 #3로 반환했습니다. 원 데모 점수와 같은 척도가 아닙니다.,deterministic_schemora_trace_v1,지형 객체를 식별하는 ID,적군 부대와 관련된 작전의 축약 표현
40,40,97.612395,2,2,3.5,3,defense_reference_demo_schemora_gpt5_nano_v1,작전명령,applies_rule,2,교전규칙,rule_name,bm25_match|embedding_match|embedding_match_syn,0.62772745,1.13787580,true,2,Medium,SCHEMORA의 고정된 검색·테이블 선택·열 순위화 단계가 이 후보를 #2로 반환했습니다. 원 데모 점수와 같은 척도가 아닙니다.,deterministic_schemora_trace_v1,작전명령에 적용되는 교전규칙 식별자,교전규칙 또는 표준절차의 명칭
41,41,97.379299,1,4,3,3,defense_reference_demo_schemora_gpt5_nano_v1,적군_부대,operation,1,아군_부대,unit_id,bm25_match|bm25_match_syn|embedding_match|embedding_match_syn,0.54483271,1.57687104,true,1,High,SCHEMORA의 고정된 검색·테이블 선택·열 순위화 단계가 이 후보를 #1로 반환했습니다. 원 데모 점수와 같은 척도가 아닙니다.,deterministic_schemora_trace_v1,적군 부대와 관련된 작전의 축약 표현,아군 부대를 식별하는 ID
42,41,97.379299,4,1,3,3,defense_reference_demo_schemora_gpt5_nano_v1,아군_부대,operation,4,작전명령,opord_id,bm25_match_syn|embedding_match|embedding_match_syn,0.89762557,1.47145832,true,4,Medium,SCHEMORA의 고정된 검색·테이블 선택·열 순위화 단계가 이 후보를 #4로 반환했습니다. 원 데모 점수와 같은 척도가 아닙니다.,deterministic_schemora_trace_v1,아군 부대가 수행하는 작전의 축약 표현,작전명령을 식별하는 ID
43,43,97.362231,4,2,2,3,defense_reference_demo_schemora_gpt5_nano_v1,지형_정보,key_terrain,4,작전명령,applies_rule,bm25_match|embedding_match|embedding_match_syn,0.54233086,1.55246329,true,4,Medium,SCHEMORA의 고정된 검색·테이블 선택·열 순위화 단계가 이 후보를 #4로 반환했습니다. 원 데모 점수와 같은 척도가 아닙니다.,deterministic_schemora_trace_v1,핵심 지형 여부,작전명령에 적용되는 교전규칙 식별자
44,44,97.345963,2,3,3,3,defense_reference_demo_schemora_gpt5_nano_v1,아군_부대,unit_name,2,적군_부대,unit_id,bm25_match|embedding_match|embedding_match_syn,0.66801852,1.70761251,true,2,Medium,SCHEMORA의 고정된 검색·테이블 선택·열 순위화 단계가 이 후보를 #2로 반환했습니다. 원 데모 점수와 같은 척도가 아닙니다.,deterministic_schemora_trace_v1,아군 부대의 표시 명칭,적군 부대를 식별하는 ID
45,45,97.125164,1,4,3.5,3,defense_reference_demo_schemora_gpt5_nano_v1,작전명령,operation_name,1,아군_부대,operation,bm25_match|bm25_match_syn|embedding_match|embedding_match_syn,0.50248486,1.37877619,true,1,High,SCHEMORA의 고정된 검색·테이블 선택·열 순위화 단계가 이 후보를 #1로 반환했습니다. 원 데모 점수와 같은 척도가 아닙니다.,deterministic_schemora_trace_v1,작전의 고유 명칭,아군 부대가 수행하는 작전의 축약 표현
46,46,97.115946,2,2,4.5,3,defense_reference_demo_schemora_gpt5_nano_v1,교전규칙,priority,2,작전명령,opord_id,bm25_match|embedding_match,0.51893330,1.14227045,true,2,Medium,SCHEMORA의 고정된 검색·테이블 선택·열 순위화 단계가 이 후보를 #2로 반환했습니다. 원 데모 점수와 같은 척도가 아닙니다.,deterministic_schemora_trace_v1,규칙 적용 우선순위,작전명령을 식별하는 ID
47,47,97.091829,2,3,3.5,3,defense_reference_demo_schemora_gpt5_nano_v1,작전명령,target_terrain,2,지형_정보,terrain_id,bm25_match|embedding_match|embedding_match_syn,0.62158549,1.13787580,true,2,Medium,SCHEMORA의 고정된 검색·테이블 선택·열 순위화 단계가 이 후보를 #2로 반환했습니다. 원 데모 점수와 같은 척도가 아닙니다.,deterministic_schemora_trace_v1,작전이 확보하거나 방어해야 하는 목표 지형,지형 객체를 식별하는 ID
48,47,97.091829,3,2,3.5,3,defense_reference_demo_schemora_gpt5_nano_v1,교전규칙,requirement,3,작전명령,operation_name,bm25_match|embedding_match,0.54860044,1.19911718,true,3,Medium,SCHEMORA의 고정된 검색·테이블 선택·열 순위화 단계가 이 후보를 #3로 반환했습니다. 원 데모 점수와 같은 척도가 아닙니다.,deterministic_schemora_trace_v1,규칙을 준수하기 위해 충족해야 하는 요구사항,작전의 고유 명칭
49,49,96.890517,5,3,1,3,defense_reference_demo_schemora_gpt5_nano_v1,작전명령,applies_rule,5,교전규칙,rule_type,bm25_match_syn|embedding_match|embedding_match_syn,0.61652482,1.78658581,true,5,Medium,SCHEMORA의 고정된 검색·테이블 선택·열 순위화 단계가 이 후보를 #5로 반환했습니다. 원 데모 점수와 같은 척도가 아닙니다.,deterministic_schemora_trace_v1,작전명령에 적용되는 교전규칙 식별자,ROE 또는 SOP와 같은 규칙 유형
50,49,96.890517,5,1,3,3,defense_reference_demo_schemora_gpt5_nano_v1,작전명령,issued_to_unit,5,적군_부대,unit_id,bm25_match|embedding_match|embedding_match_syn,0.80491042,1.42296696,true,5,Medium,SCHEMORA의 고정된 검색·테이블 선택·열 순위화 단계가 이 후보를 #5로 반환했습니다. 원 데모 점수와 같은 척도가 아닙니다.,deterministic_schemora_trace_v1,작전을 수행하도록 지정된 대상 부대 식별자,적군 부대를 식별하는 ID
51,51,96.875000,4,4,1,3,defense_reference_demo_schemora_gpt5_nano_v1,작전명령,issued_to_unit,4,아군_부대,operation,bm25_match|embedding_match|embedding_match_syn,0.66422659,1.89033604,true,4,Medium,SCHEMORA의 고정된 검색·테이블 선택·열 순위화 단계가 이 후보를 #4로 반환했습니다. 원 데모 점수와 같은 척도가 아닙니다.,deterministic_schemora_trace_v1,작전을 수행하도록 지정된 대상 부대 식별자,아군 부대가 수행하는 작전의 축약 표현
52,51,96.875000,4,4,1,3,defense_reference_demo_schemora_gpt5_nano_v1,적군_부대,unit_id,4,아군_부대,operation,bm25_match|bm25_match_syn|embedding_match|embedding_match_syn,0.70617247,2.78266954,true,4,Medium,SCHEMORA의 고정된 검색·테이블 선택·열 순위화 단계가 이 후보를 #4로 반환했습니다. 원 데모 점수와 같은 척도가 아닙니다.,deterministic_schemora_trace_v1,적군 부대를 식별하는 ID,아군 부대가 수행하는 작전의 축약 표현
53,53,96.873449,5,2,2,3,defense_reference_demo_schemora_gpt5_nano_v1,교전규칙,rule_type,5,작전명령,operation_type,bm25_match|bm25_match_syn|embedding_match_syn,0.60159510,1.57869399,true,5,Medium,SCHEMORA의 고정된 검색·테이블 선택·열 순위화 단계가 이 후보를 #5로 반환했습니다. 원 데모 점수와 같은 척도가 아닙니다.,deterministic_schemora_trace_v1,ROE 또는 SOP와 같은 규칙 유형,공격 또는 방어와 같은 작전 유형
54,53,96.873449,5,2,2,3,defense_reference_demo_schemora_gpt5_nano_v1,아군_부대,unit_name,5,작전명령,operation_name,bm25_match|bm25_match_syn|embedding_match|embedding_match_syn,0.68163753,1.75873399,true,5,Medium,SCHEMORA의 고정된 검색·테이블 선택·열 순위화 단계가 이 후보를 #5로 반환했습니다. 원 데모 점수와 같은 척도가 아닙니다.,deterministic_schemora_trace_v1,아군 부대의 표시 명칭,작전의 고유 명칭
55,55,96.841665,3,4,2,3,defense_reference_demo_schemora_gpt5_nano_v1,작전명령,mission,3,교전규칙,priority,bm25_match_syn|embedding_match_syn,0.59789729,1.34655392,true,3,Medium,SCHEMORA의 고정된 검색·테이블 선택·열 순위화 단계가 이 후보를 #3로 반환했습니다. 원 데모 점수와 같은 척도가 아닙니다.,deterministic_schemora_trace_v1,부대가 수행해야 하는 임무 문장,규칙 적용 우선순위
56,56,96.386218,5,4,1,3,defense_reference_demo_schemora_gpt5_nano_v1,아군_부대,operation,5,적군_부대,operation,bm25_match|embedding_match|embedding_match_syn,0.67160642,2.08626938,true,5,Medium,SCHEMORA의 고정된 검색·테이블 선택·열 순위화 단계가 이 후보를 #5로 반환했습니다. 원 데모 점수와 같은 척도가 아닙니다.,deterministic_schemora_trace_v1,아군 부대가 수행하는 작전의 축약 표현,적군 부대와 관련된 작전의 축약 표현
57,57,96.352882,2,5,3,3,defense_reference_demo_schemora_gpt5_nano_v1,작전명령,mission,2,교전규칙,condition,bm25_match_syn|embedding_match_syn,0.52543610,1.13787580,true,2,Medium,SCHEMORA의 고정된 검색·테이블 선택·열 순위화 단계가 이 후보를 #2로 반환했습니다. 원 데모 점수와 같은 척도가 아닙니다.,deterministic_schemora_trace_v1,부대가 수행해야 하는 임무 문장,규칙이 적용되는 조건
58,57,96.352882,3,2,5,3,defense_reference_demo_schemora_gpt5_nano_v1,적군_부대,operation,3,작전명령,target_terrain,bm25_match_syn|embedding_match|embedding_match_syn,0.60612011,1.29258513,true,3,Medium,SCHEMORA의 고정된 검색·테이블 선택·열 순위화 단계가 이 후보를 #3로 반환했습니다. 원 데모 점수와 같은 척도가 아닙니다.,deterministic_schemora_trace_v1,적군 부대와 관련된 작전의 축약 표현,작전이 확보하거나 방어해야 하는 목표 지형
59,57,96.352882,5,3,2,3,defense_reference_demo_schemora_gpt5_nano_v1,적군_부대,operation,5,작전명령,operation_name,bm25_match_syn|embedding_match|embedding_match_syn,0.59433955,1.82519841,true,5,Medium,SCHEMORA의 고정된 검색·테이블 선택·열 순위화 단계가 이 후보를 #5로 반환했습니다. 원 데모 점수와 같은 척도가 아닙니다.,deterministic_schemora_trace_v1,적군 부대와 관련된 작전의 축약 표현,작전의 고유 명칭
60,57,96.352882,5,2,3,3,defense_reference_demo_schemora_gpt5_nano_v1,적군_부대,unit_id,5,작전명령,opord_id,bm25_match|bm25_match_syn|embedding_match|embedding_match_syn,0.83417797,2.25441217,true,5,Medium,SCHEMORA의 고정된 검색·테이블 선택·열 순위화 단계가 이 후보를 #5로 반환했습니다. 원 데모 점수와 같은 척도가 아닙니다.,deterministic_schemora_trace_v1,적군 부대를 식별하는 ID,작전명령을 식별하는 ID
61,57,96.352882,5,3,2,3,defense_reference_demo_schemora_gpt5_nano_v1,지형_정보,terrain_id,5,작전명령,opord_id,bm25_match|embedding_match,0.52002263,1.24445295,true,5,Medium,SCHEMORA의 고정된 검색·테이블 선택·열 순위화 단계가 이 후보를 #5로 반환했습니다. 원 데모 점수와 같은 척도가 아닙니다.,deterministic_schemora_trace_v1,지형 객체를 식별하는 ID,작전명령을 식별하는 ID
62,62,96.321098,3,3,4,3,defense_reference_demo_schemora_gpt5_nano_v1,아군_부대,operation,3,작전명령,operation_type,bm25_match|embedding_match|embedding_match_syn,0.74774563,1.05087090,true,3,Medium,SCHEMORA의 고정된 검색·테이블 선택·열 순위화 단계가 이 후보를 #3로 반환했습니다. 원 데모 점수와 같은 척도가 아닙니다.,deterministic_schemora_trace_v1,아군 부대가 수행하는 작전의 축약 표현,공격 또는 방어와 같은 작전 유형
63,63,96.098748,2,5,3.5,3,defense_reference_demo_schemora_gpt5_nano_v1,지형_정보,terrain_id,2,교전규칙,condition,bm25_match|bm25_match_syn|embedding_match,0.50626206,1.17919350,true,2,Medium,SCHEMORA의 고정된 검색·테이블 선택·열 순위화 단계가 이 후보를 #2로 반환했습니다. 원 데모 점수와 같은 척도가 아닙니다.,deterministic_schemora_trace_v1,지형 객체를 식별하는 ID,규칙이 적용되는 조건
64,64,96.075000,4,4,2.5,3,defense_reference_demo_schemora_gpt5_nano_v1,적군_부대,unit_name,4,작전명령,operation_name,bm25_match_syn|embedding_match|embedding_match_syn,0.71839774,2.03560686,true,4,Medium,SCHEMORA의 고정된 검색·테이블 선택·열 순위화 단계가 이 후보를 #4로 반환했습니다. 원 데모 점수와 같은 척도가 아닙니다.,deterministic_schemora_trace_v1,적군 부대의 표시 명칭,작전의 고유 명칭
65,65,95.897436,1,5,5,3,defense_reference_demo_schemora_gpt5_nano_v1,아군_부대,operation,1,작전명령,operation_name,bm25_match_syn|embedding_match|embedding_match_syn,0.63587856,1.04857707,true,1,High,SCHEMORA의 고정된 검색·테이블 선택·열 순위화 단계가 이 후보를 #1로 반환했습니다. 원 데모 점수와 같은 척도가 아닙니다.,deterministic_schemora_trace_v1,아군 부대가 수행하는 작전의 축약 표현,작전의 고유 명칭
66,66,95.848584,2,5,4,3,defense_reference_demo_schemora_gpt5_nano_v1,적군_부대,operation,2,아군_부대,unit_name,bm25_match_syn|embedding_match|embedding_match_syn,0.51561415,1.30421495,true,2,Medium,SCHEMORA의 고정된 검색·테이블 선택·열 순위화 단계가 이 후보를 #2로 반환했습니다. 원 데모 점수와 같은 척도가 아닙니다.,deterministic_schemora_trace_v1,적군 부대와 관련된 작전의 축약 표현,아군 부대의 표시 명칭
67,66,95.848584,2,5,4,3,defense_reference_demo_schemora_gpt5_nano_v1,적군_부대,unit_id,2,아군_부대,available_firepower,bm25_match|bm25_match_syn|embedding_match,0.59818512,1.80734015,true,2,Medium,SCHEMORA의 고정된 검색·테이블 선택·열 순위화 단계가 이 후보를 #2로 반환했습니다. 원 데모 점수와 같은 척도가 아닙니다.,deterministic_schemora_trace_v1,적군 부대를 식별하는 ID,아군 부대가 사용할 수 있는 화력 수치
68,66,95.848584,5,2,4,3,defense_reference_demo_schemora_gpt5_nano_v1,지형_정보,name,5,적군_부대,operation,bm25_match|embedding_match,0.51243913,1.17919350,true,5,Medium,SCHEMORA의 고정된 검색·테이블 선택·열 순위화 단계가 이 후보를 #5로 반환했습니다. 원 데모 점수와 같은 척도가 아닙니다.,deterministic_schemora_trace_v1,지형의 공식 명칭,적군 부대와 관련된 작전의 축약 표현
69,69,95.832316,3,3,5,3,defense_reference_demo_schemora_gpt5_nano_v1,적군_부대,unit_id,3,아군_부대,unit_name,bm25_match|bm25_match_syn|embedding_match|embedding_match_syn,0.75880754,1.02774096,true,3,Medium,SCHEMORA의 고정된 검색·테이블 선택·열 순위화 단계가 이 후보를 #3로 반환했습니다. 원 데모 점수와 같은 척도가 아닙니다.,deterministic_schemora_trace_v1,적군 부대를 식별하는 ID,아군 부대의 표시 명칭
70,69,95.832316,3,3,5,3,defense_reference_demo_schemora_gpt5_nano_v1,적군_부대,unit_name,3,아군_부대,operation,bm25_match_syn|embedding_match|embedding_match_syn,0.75679868,1.35055876,true,3,Medium,SCHEMORA의 고정된 검색·테이블 선택·열 순위화 단계가 이 후보를 #3로 반환했습니다. 원 데모 점수와 같은 척도가 아닙니다.,deterministic_schemora_trace_v1,적군 부대의 표시 명칭,아군 부대가 수행하는 작전의 축약 표현
71,71,95.816799,4,3,4,3,defense_reference_demo_schemora_gpt5_nano_v1,교전규칙,rule_type,4,작전명령,operation_name,bm25_match_syn|embedding_match_syn,0.60104179,1.19911718,true,4,Medium,SCHEMORA의 고정된 검색·테이블 선택·열 순위화 단계가 이 후보를 #4로 반환했습니다. 원 데모 점수와 같은 척도가 아닙니다.,deterministic_schemora_trace_v1,ROE 또는 SOP와 같은 규칙 유형,작전의 고유 명칭
72,72,95.578181,3,5,3.5,3,defense_reference_demo_schemora_gpt5_nano_v1,작전명령,applies_rule,3,교전규칙,condition,bm25_match|embedding_match|embedding_match_syn,0.56979454,1.13787580,true,3,Medium,SCHEMORA의 고정된 검색·테이블 선택·열 순위화 단계가 이 후보를 #3로 반환했습니다. 원 데모 점수와 같은 척도가 아닙니다.,deterministic_schemora_trace_v1,작전명령에 적용되는 교전규칙 식별자,규칙이 적용되는 조건
73,73,95.562664,4,4,3.5,3,defense_reference_demo_schemora_gpt5_nano_v1,작전명령,target_terrain,4,지형_정보,name,bm25_match|embedding_match|embedding_match_syn,0.58885580,1.13787580,true,4,Medium,SCHEMORA의 고정된 검색·테이블 선택·열 순위화 단계가 이 후보를 #4로 반환했습니다. 원 데모 점수와 같은 척도가 아닙니다.,deterministic_schemora_trace_v1,작전이 확보하거나 방어해야 하는 목표 지형,지형의 공식 명칭
74,74,95.328017,5,3,4,3,defense_reference_demo_schemora_gpt5_nano_v1,지형_정보,key_terrain,5,작전명령,issued_to_unit,bm25_match|embedding_match_syn,0.50885040,1.24445295,true,5,Medium,SCHEMORA의 고정된 검색·테이블 선택·열 순위화 단계가 이 후보를 #5로 반환했습니다. 원 데모 점수와 같은 척도가 아닙니다.,deterministic_schemora_trace_v1,핵심 지형 여부,작전을 수행하도록 지정된 대상 부대 식별자
75,75,94.823718,4,4,5,3,defense_reference_demo_schemora_gpt5_nano_v1,지형_정보,terrain_id,4,아군_부대,unit_id,bm25_match|bm25_match_syn|embedding_match,0.51732105,1.02157843,true,4,Medium,SCHEMORA의 고정된 검색·테이블 선택·열 순위화 단계가 이 후보를 #4로 반환했습니다. 원 데모 점수와 같은 척도가 아닙니다.,deterministic_schemora_trace_v1,지형 객체를 식별하는 ID,아군 부대를 식별하는 ID
76,76,94.334936,5,5,4,3,defense_reference_demo_schemora_gpt5_nano_v1,적군_부대,unit_name,5,작전명령,opord_id,bm25_match_syn|embedding_match|embedding_match_syn,0.67430782,1.76191187,true,5,Medium,SCHEMORA의 고정된 검색·테이블 선택·열 순위화 단계가 이 후보를 #5로 반환했습니다. 원 데모 점수와 같은 척도가 아닙니다.,deterministic_schemora_trace_v1,적군 부대의 표시 명칭,작전명령을 식별하는 ID
77,77,66.666667,1,1,—,2,defense_reference_demo_schemora_gpt5_nano_v1,교전규칙,rule_id,1,작전명령,opord_id,embedding_match_syn,0.55904764,,true,1,Medium,SCHEMORA의 고정된 검색·테이블 선택·열 순위화 단계가 이 후보를 #1로 반환했습니다. 원 데모 점수와 같은 척도가 아닙니다.,deterministic_schemora_trace_v1,교전규칙 또는 표준절차를 식별하는 ID,작전명령을 식별하는 ID
78,78,66.129032,2,—,1,2,defense_reference_demo_schemora_gpt5_nano_v1,교전규칙,rule_name,2,작전명령,operation_name,bm25_match,,1.78161919,true,2,Medium,SCHEMORA의 고정된 검색·테이블 선택·열 순위화 단계가 이 후보를 #2로 반환했습니다. 원 데모 점수와 같은 척도가 아닙니다.,deterministic_schemora_trace_v1,교전규칙 또는 표준절차의 명칭,작전의 고유 명칭
79,78,66.129032,2,1,—,2,defense_reference_demo_schemora_gpt5_nano_v1,작전명령,operation_type,2,적군_부대,operation,embedding_match|embedding_match_syn,0.66589987,,true,2,Medium,SCHEMORA의 고정된 검색·테이블 선택·열 순위화 단계가 이 후보를 #2로 반환했습니다. 원 데모 점수와 같은 척도가 아닙니다.,deterministic_schemora_trace_v1,공격 또는 방어와 같은 작전 유형,적군 부대와 관련된 작전의 축약 표현
80,78,66.129032,2,—,1,2,defense_reference_demo_schemora_gpt5_nano_v1,지형_정보,name,2,아군_부대,unit_name,bm25_match_syn,,1.83568299,true,2,Medium,SCHEMORA의 고정된 검색·테이블 선택·열 순위화 단계가 이 후보를 #2로 반환했습니다. 원 데모 점수와 같은 척도가 아닙니다.,deterministic_schemora_trace_v1,지형의 공식 명칭,아군 부대의 표시 명칭
81,81,65.858030,2,—,1.5,2,defense_reference_demo_schemora_gpt5_nano_v1,지형_정보,note,2,교전규칙,condition,bm25_match_syn,,1.75201690,true,2,Medium,SCHEMORA의 고정된 검색·테이블 선택·열 순위화 단계가 이 후보를 #2로 반환했습니다. 원 데모 점수와 같은 척도가 아닙니다.,deterministic_schemora_trace_v1,지형의 작전적 특성을 설명하는 비고,규칙이 적용되는 조건
82,82,65.608466,3,—,1,2,defense_reference_demo_schemora_gpt5_nano_v1,교전규칙,priority,3,지형_정보,elevation,bm25_match_syn,,1.86004531,true,3,Medium,SCHEMORA의 고정된 검색·테이블 선택·열 순위화 단계가 이 후보를 #3로 반환했습니다. 원 데모 점수와 같은 척도가 아닙니다.,deterministic_schemora_trace_v1,규칙 적용 우선순위,미터 단위로 표시된 지형 고도
83,83,65.591398,2,—,2,2,defense_reference_demo_schemora_gpt5_nano_v1,아군_부대,available_firepower,2,지형_정보,elevation,bm25_match,,1.85313499,true,2,Medium,SCHEMORA의 고정된 검색·테이블 선택·열 순위화 단계가 이 후보를 #2로 반환했습니다. 원 데모 점수와 같은 척도가 아닙니다.,deterministic_schemora_trace_v1,아군 부대가 사용할 수 있는 화력 수치,미터 단위로 표시된 지형 고도
84,83,65.591398,2,—,2,2,defense_reference_demo_schemora_gpt5_nano_v1,지형_정보,terrain_type,2,교전규칙,rule_type,bm25_match|bm25_match_syn,,1.83568299,true,2,Medium,SCHEMORA의 고정된 검색·테이블 선택·열 순위화 단계가 이 후보를 #2로 반환했습니다. 원 데모 점수와 같은 척도가 아닙니다.,deterministic_schemora_trace_v1,고지 또는 능선과 같은 지형 유형,ROE 또는 SOP와 같은 규칙 유형
85,85,65.337463,3,—,1.5,2,defense_reference_demo_schemora_gpt5_nano_v1,지형_정보,note,3,아군_부대,available_firepower,bm25_match_syn,,1.75201690,true,3,Medium,SCHEMORA의 고정된 검색·테이블 선택·열 순위화 단계가 이 후보를 #3로 반환했습니다. 원 데모 점수와 같은 척도가 아닙니다.,deterministic_schemora_trace_v1,지형의 작전적 특성을 설명하는 비고,아군 부대가 사용할 수 있는 화력 수치
86,86,65.329032,2,—,2.5,2,defense_reference_demo_schemora_gpt5_nano_v1,지형_정보,elevation,2,교전규칙,priority,bm25_match,,1.32284486,true,2,Medium,SCHEMORA의 고정된 검색·테이블 선택·열 순위화 단계가 이 후보를 #2로 반환했습니다. 원 데모 점수와 같은 척도가 아닙니다.,deterministic_schemora_trace_v1,미터 단위로 표시된 지형 고도,규칙 적용 우선순위
87,87,65.104167,1,4,—,2,defense_reference_demo_schemora_gpt5_nano_v1,작전명령,applies_rule,1,교전규칙,rule_id,embedding_match|embedding_match_syn,0.59071583,,true,1,Medium,SCHEMORA의 고정된 검색·테이블 선택·열 순위화 단계가 이 후보를 #1로 반환했습니다. 원 데모 점수와 같은 척도가 아닙니다.,deterministic_schemora_trace_v1,작전명령에 적용되는 교전규칙 식별자,교전규칙 또는 표준절차를 식별하는 ID
88,87,65.104167,4,—,1,2,defense_reference_demo_schemora_gpt5_nano_v1,지형_정보,terrain_type,4,작전명령,operation_type,bm25_match|bm25_match_syn,,2.07164168,true,4,Low,SCHEMORA의 고정된 검색·테이블 선택·열 순위화 단계가 이 후보를 #4로 반환했습니다. 원 데모 점수와 같은 척도가 아닙니다.,deterministic_schemora_trace_v1,고지 또는 능선과 같은 지형 유형,공격 또는 방어와 같은 작전 유형
89,89,65.070831,2,—,3,2,defense_reference_demo_schemora_gpt5_nano_v1,교전규칙,condition,2,작전명령,issued_to_unit,bm25_match,,1.19911718,true,2,Medium,SCHEMORA의 고정된 검색·테이블 선택·열 순위화 단계가 이 후보를 #2로 반환했습니다. 원 데모 점수와 같은 척도가 아닙니다.,deterministic_schemora_trace_v1,규칙이 적용되는 조건,작전을 수행하도록 지정된 대상 부대 식별자
90,89,65.070831,2,3,—,2,defense_reference_demo_schemora_gpt5_nano_v1,작전명령,issued_to_unit,2,아군_부대,unit_name,embedding_match|embedding_match_syn,0.72758150,,true,2,Medium,SCHEMORA의 고정된 검색·테이블 선택·열 순위화 단계가 이 후보를 #2로 반환했습니다. 원 데모 점수와 같은 척도가 아닙니다.,deterministic_schemora_trace_v1,작전을 수행하도록 지정된 대상 부대 식별자,아군 부대의 표시 명칭
91,89,65.070831,2,3,—,2,defense_reference_demo_schemora_gpt5_nano_v1,작전명령,operation_name,2,적군_부대,operation,embedding_match|embedding_match_syn,0.57645714,,true,2,Medium,SCHEMORA의 고정된 검색·테이블 선택·열 순위화 단계가 이 후보를 #2로 반환했습니다. 원 데모 점수와 같은 척도가 아닙니다.,deterministic_schemora_trace_v1,작전의 고유 명칭,적군 부대와 관련된 작전의 축약 표현
92,89,65.070831,3,—,2,2,defense_reference_demo_schemora_gpt5_nano_v1,교전규칙,rule_id,3,작전명령,issued_to_unit,bm25_match,,1.26547945,true,3,Medium,SCHEMORA의 고정된 검색·테이블 선택·열 순위화 단계가 이 후보를 #3로 반환했습니다. 원 데모 점수와 같은 척도가 아닙니다.,deterministic_schemora_trace_v1,교전규칙 또는 표준절차를 식별하는 ID,작전을 수행하도록 지정된 대상 부대 식별자
93,93,64.816696,2,—,3.5,2,defense_reference_demo_schemora_gpt5_nano_v1,교전규칙,requirement,2,작전명령,issued_to_unit,bm25_match,,1.19911718,true,2,Medium,SCHEMORA의 고정된 검색·테이블 선택·열 순위화 단계가 이 후보를 #2로 반환했습니다. 원 데모 점수와 같은 척도가 아닙니다.,deterministic_schemora_trace_v1,규칙을 준수하기 위해 충족해야 하는 요구사항,작전을 수행하도록 지정된 대상 부대 식별자
94,94,64.566532,2,—,4,2,defense_reference_demo_schemora_gpt5_nano_v1,교전규칙,rule_type,2,작전명령,issued_to_unit,bm25_match_syn,,1.19911718,true,2,Medium,SCHEMORA의 고정된 검색·테이블 선택·열 순위화 단계가 이 후보를 #2로 반환했습니다. 원 데모 점수와 같은 척도가 아닙니다.,deterministic_schemora_trace_v1,ROE 또는 SOP와 같은 규칙 유형,작전을 수행하도록 지정된 대상 부대 식별자
95,94,64.566532,2,—,4,2,defense_reference_demo_schemora_gpt5_nano_v1,지형_정보,key_terrain,2,교전규칙,requirement,bm25_match,,1.24445295,true,2,Medium,SCHEMORA의 고정된 검색·테이블 선택·열 순위화 단계가 이 후보를 #2로 반환했습니다. 원 데모 점수와 같은 척도가 아닙니다.,deterministic_schemora_trace_v1,핵심 지형 여부,규칙을 준수하기 위해 충족해야 하는 요구사항
96,94,64.566532,4,—,2,2,defense_reference_demo_schemora_gpt5_nano_v1,작전명령,operation_type,4,적군_부대,unit_name,bm25_match_syn,,1.28065324,true,4,Low,SCHEMORA의 고정된 검색·테이블 선택·열 순위화 단계가 이 후보를 #4로 반환했습니다. 원 데모 점수와 같은 척도가 아닙니다.,deterministic_schemora_trace_v1,공격 또는 방어와 같은 작전 유형,적군 부대의 표시 명칭
97,97,64.550265,3,3,—,2,defense_reference_demo_schemora_gpt5_nano_v1,교전규칙,condition,3,작전명령,operation_type,embedding_match,0.50301170,,true,3,Medium,SCHEMORA의 고정된 검색·테이블 선택·열 순위화 단계가 이 후보를 #3로 반환했습니다. 원 데모 점수와 같은 척도가 아닙니다.,deterministic_schemora_trace_v1,규칙이 적용되는 조건,공격 또는 방어와 같은 작전 유형
98,97,64.550265,3,—,3,2,defense_reference_demo_schemora_gpt5_nano_v1,아군_부대,available_firepower,3,적군_부대,unit_id,bm25_match,,1.33605766,true,3,Medium,SCHEMORA의 고정된 검색·테이블 선택·열 순위화 단계가 이 후보를 #3로 반환했습니다. 원 데모 점수와 같은 척도가 아닙니다.,deterministic_schemora_trace_v1,아군 부대가 사용할 수 있는 화력 수치,적군 부대를 식별하는 ID
99,97,64.550265,3,—,3,2,defense_reference_demo_schemora_gpt5_nano_v1,아군_부대,unit_id,3,적군_부대,available_firepower,bm25_match,,1.33605766,true,3,Medium,SCHEMORA의 고정된 검색·테이블 선택·열 순위화 단계가 이 후보를 #3로 반환했습니다. 원 데모 점수와 같은 척도가 아닙니다.,deterministic_schemora_trace_v1,아군 부대를 식별하는 ID,적군 부대가 사용할 수 있는 화력 수치
100,97,64.550265,3,—,3,2,defense_reference_demo_schemora_gpt5_nano_v1,작전명령,deadline,3,교전규칙,condition,bm25_match_syn,,1.13787580,true,3,Medium,SCHEMORA의 고정된 검색·테이블 선택·열 순위화 단계가 이 후보를 #3로 반환했습니다. 원 데모 점수와 같은 척도가 아닙니다.,deterministic_schemora_trace_v1,작전 완료 또는 보고 기한,규칙이 적용되는 조건
101,97,64.550265,3,—,3,2,defense_reference_demo_schemora_gpt5_nano_v1,작전명령,operation_type,3,아군_부대,unit_name,bm25_match_syn,,1.08218789,true,3,Medium,SCHEMORA의 고정된 검색·테이블 선택·열 순위화 단계가 이 후보를 #3로 반환했습니다. 원 데모 점수와 같은 척도가 아닙니다.,deterministic_schemora_trace_v1,공격 또는 방어와 같은 작전 유형,아군 부대의 표시 명칭
102,97,64.550265,3,3,—,2,defense_reference_demo_schemora_gpt5_nano_v1,작전명령,opord_id,3,아군_부대,available_firepower,embedding_match_syn,0.62259912,,true,3,Medium,SCHEMORA의 고정된 검색·테이블 선택·열 순위화 단계가 이 후보를 #3로 반환했습니다. 원 데모 점수와 같은 척도가 아닙니다.,deterministic_schemora_trace_v1,작전명령을 식별하는 ID,아군 부대가 사용할 수 있는 화력 수치
103,103,64.304167,4,—,2.5,2,defense_reference_demo_schemora_gpt5_nano_v1,지형_정보,elevation,4,교전규칙,requirement,bm25_match,,1.32284486,true,4,Low,SCHEMORA의 고정된 검색·테이블 선택·열 순위화 단계가 이 후보를 #4로 반환했습니다. 원 데모 점수와 같은 척도가 아닙니다.,deterministic_schemora_trace_v1,미터 단위로 표시된 지형 고도,규칙을 준수하기 위해 충족해야 하는 요구사항
104,104,64.077750,2,—,5,2,defense_reference_demo_schemora_gpt5_nano_v1,적군_부대,available_firepower,2,교전규칙,condition,bm25_match_syn,,1.15022552,true,2,Medium,SCHEMORA의 고정된 검색·테이블 선택·열 순위화 단계가 이 후보를 #2로 반환했습니다. 원 데모 점수와 같은 척도가 아닙니다.,deterministic_schemora_trace_v1,적군 부대가 사용할 수 있는 화력 수치,규칙이 적용되는 조건
105,104,64.077750,5,2,—,2,defense_reference_demo_schemora_gpt5_nano_v1,작전명령,mission,5,아군_부대,unit_name,embedding_match,0.71928889,,true,5,Low,SCHEMORA의 고정된 검색·테이블 선택·열 순위화 단계가 이 후보를 #5로 반환했습니다. 원 데모 점수와 같은 척도가 아닙니다.,deterministic_schemora_trace_v1,부대가 수행해야 하는 임무 문장,아군 부대의 표시 명칭
106,106,64.045966,3,—,4,2,defense_reference_demo_schemora_gpt5_nano_v1,교전규칙,rule_type,3,작전명령,mission,bm25_match_syn,,1.19911718,true,3,Medium,SCHEMORA의 고정된 검색·테이블 선택·열 순위화 단계가 이 후보를 #3로 반환했습니다. 원 데모 점수와 같은 척도가 아닙니다.,deterministic_schemora_trace_v1,ROE 또는 SOP와 같은 규칙 유형,부대가 수행해야 하는 임무 문장
107,106,64.045966,3,4,—,2,defense_reference_demo_schemora_gpt5_nano_v1,아군_부대,unit_name,3,작전명령,issued_to_unit,embedding_match|embedding_match_syn,0.61828411,,true,3,Medium,SCHEMORA의 고정된 검색·테이블 선택·열 순위화 단계가 이 후보를 #3로 반환했습니다. 원 데모 점수와 같은 척도가 아닙니다.,deterministic_schemora_trace_v1,아군 부대의 표시 명칭,작전을 수행하도록 지정된 대상 부대 식별자
108,106,64.045966,3,—,4,2,defense_reference_demo_schemora_gpt5_nano_v1,지형_정보,elevation,3,교전규칙,rule_id,bm25_match,,1.24445295,true,3,Medium,SCHEMORA의 고정된 검색·테이블 선택·열 순위화 단계가 이 후보를 #3로 반환했습니다. 원 데모 점수와 같은 척도가 아닙니다.,deterministic_schemora_trace_v1,미터 단위로 표시된 지형 고도,교전규칙 또는 표준절차를 식별하는 ID
109,106,64.045966,3,—,4,2,defense_reference_demo_schemora_gpt5_nano_v1,지형_정보,key_terrain,3,교전규칙,rule_id,bm25_match,,1.24445295,true,3,Medium,SCHEMORA의 고정된 검색·테이블 선택·열 순위화 단계가 이 후보를 #3로 반환했습니다. 원 데모 점수와 같은 척도가 아닙니다.,deterministic_schemora_trace_v1,핵심 지형 여부,교전규칙 또는 표준절차를 식별하는 ID
110,106,64.045966,3,—,4,2,defense_reference_demo_schemora_gpt5_nano_v1,지형_정보,terrain_type,3,작전명령,operation_name,bm25_match_syn,,1.47148156,true,3,Medium,SCHEMORA의 고정된 검색·테이블 선택·열 순위화 단계가 이 후보를 #3로 반환했습니다. 원 데모 점수와 같은 척도가 아닙니다.,deterministic_schemora_trace_v1,고지 또는 능선과 같은 지형 유형,작전의 고유 명칭
111,106,64.045966,4,—,3,2,defense_reference_demo_schemora_gpt5_nano_v1,교전규칙,priority,4,지형_정보,key_terrain,bm25_match,,1.34584332,true,4,Low,SCHEMORA의 고정된 검색·테이블 선택·열 순위화 단계가 이 후보를 #4로 반환했습니다. 원 데모 점수와 같은 척도가 아닙니다.,deterministic_schemora_trace_v1,규칙 적용 우선순위,핵심 지형 여부
112,106,64.045966,4,3,—,2,defense_reference_demo_schemora_gpt5_nano_v1,교전규칙,rule_id,4,작전명령,mission,embedding_match_syn,0.50527108,,true,4,Low,SCHEMORA의 고정된 검색·테이블 선택·열 순위화 단계가 이 후보를 #4로 반환했습니다. 원 데모 점수와 같은 척도가 아닙니다.,deterministic_schemora_trace_v1,교전규칙 또는 표준절차를 식별하는 ID,부대가 수행해야 하는 임무 문장
113,106,64.045966,4,3,—,2,defense_reference_demo_schemora_gpt5_nano_v1,아군_부대,unit_id,4,적군_부대,operation,embedding_match_syn,0.53769207,,true,4,Low,SCHEMORA의 고정된 검색·테이블 선택·열 순위화 단계가 이 후보를 #4로 반환했습니다. 원 데모 점수와 같은 척도가 아닙니다.,deterministic_schemora_trace_v1,아군 부대를 식별하는 ID,적군 부대와 관련된 작전의 축약 표현
114,106,64.045966,4,—,3,2,defense_reference_demo_schemora_gpt5_nano_v1,작전명령,deadline,4,아군_부대,available_firepower,bm25_match_syn,,1.13787580,true,4,Low,SCHEMORA의 고정된 검색·테이블 선택·열 순위화 단계가 이 후보를 #4로 반환했습니다. 원 데모 점수와 같은 척도가 아닙니다.,deterministic_schemora_trace_v1,작전 완료 또는 보고 기한,아군 부대가 사용할 수 있는 화력 수치
115,106,64.045966,4,3,—,2,defense_reference_demo_schemora_gpt5_nano_v1,작전명령,mission,4,아군_부대,unit_id,embedding_match,0.60917568,,true,4,Low,SCHEMORA의 고정된 검색·테이블 선택·열 순위화 단계가 이 후보를 #4로 반환했습니다. 원 데모 점수와 같은 척도가 아닙니다.,deterministic_schemora_trace_v1,부대가 수행해야 하는 임무 문장,아군 부대를 식별하는 ID
116,106,64.045966,4,—,3,2,defense_reference_demo_schemora_gpt5_nano_v1,적군_부대,available_firepower,4,교전규칙,rule_id,bm25_match,,1.34860432,true,4,Low,SCHEMORA의 고정된 검색·테이블 선택·열 순위화 단계가 이 후보를 #4로 반환했습니다. 원 데모 점수와 같은 척도가 아닙니다.,deterministic_schemora_trace_v1,적군 부대가 사용할 수 있는 화력 수치,교전규칙 또는 표준절차를 식별하는 ID
117,106,64.045966,4,—,3,2,defense_reference_demo_schemora_gpt5_nano_v1,지형_정보,name,4,작전명령,opord_id,bm25_match,,1.24445295,true,4,Low,SCHEMORA의 고정된 검색·테이블 선택·열 순위화 단계가 이 후보를 #4로 반환했습니다. 원 데모 점수와 같은 척도가 아닙니다.,deterministic_schemora_trace_v1,지형의 공식 명칭,작전명령을 식별하는 ID
118,118,63.791831,4,—,3.5,2,defense_reference_demo_schemora_gpt5_nano_v1,교전규칙,requirement,4,작전명령,mission,bm25_match,,1.19911718,true,4,Low,SCHEMORA의 고정된 검색·테이블 선택·열 순위화 단계가 이 후보를 #4로 반환했습니다. 원 데모 점수와 같은 척도가 아닙니다.,deterministic_schemora_trace_v1,규칙을 준수하기 위해 충족해야 하는 요구사항,부대가 수행해야 하는 임무 문장
119,119,63.557184,3,5,—,2,defense_reference_demo_schemora_gpt5_nano_v1,작전명령,issued_to_unit,3,아군_부대,available_firepower,embedding_match|embedding_match_syn,0.63182914,,true,3,Medium,SCHEMORA의 고정된 검색·테이블 선택·열 순위화 단계가 이 후보를 #3로 반환했습니다. 원 데모 점수와 같은 척도가 아닙니다.,deterministic_schemora_trace_v1,작전을 수행하도록 지정된 대상 부대 식별자,아군 부대가 사용할 수 있는 화력 수치
120,119,63.557184,3,—,5,2,defense_reference_demo_schemora_gpt5_nano_v1,지형_정보,name,3,아군_부대,unit_id,bm25_match,,1.02157843,true,3,Medium,SCHEMORA의 고정된 검색·테이블 선택·열 순위화 단계가 이 후보를 #3로 반환했습니다. 원 데모 점수와 같은 척도가 아닙니다.,deterministic_schemora_trace_v1,지형의 공식 명칭,아군 부대를 식별하는 ID
121,119,63.557184,5,—,3,2,defense_reference_demo_schemora_gpt5_nano_v1,교전규칙,condition,5,작전명령,mission,bm25_match,,1.19911718,true,5,Low,SCHEMORA의 고정된 검색·테이블 선택·열 순위화 단계가 이 후보를 #5로 반환했습니다. 원 데모 점수와 같은 척도가 아닙니다.,deterministic_schemora_trace_v1,규칙이 적용되는 조건,부대가 수행해야 하는 임무 문장
122,119,63.557184,5,—,3,2,defense_reference_demo_schemora_gpt5_nano_v1,교전규칙,rule_id,5,아군_부대,operation,bm25_match,,1.09921205,true,5,Low,SCHEMORA의 고정된 검색·테이블 선택·열 순위화 단계가 이 후보를 #5로 반환했습니다. 원 데모 점수와 같은 척도가 아닙니다.,deterministic_schemora_trace_v1,교전규칙 또는 표준절차를 식별하는 ID,아군 부대가 수행하는 작전의 축약 표현
123,119,63.557184,5,3,—,2,defense_reference_demo_schemora_gpt5_nano_v1,작전명령,operation_type,5,아군_부대,available_firepower,embedding_match,0.51239729,,true,5,Low,SCHEMORA의 고정된 검색·테이블 선택·열 순위화 단계가 이 후보를 #5로 반환했습니다. 원 데모 점수와 같은 척도가 아닙니다.,deterministic_schemora_trace_v1,공격 또는 방어와 같은 작전 유형,아군 부대가 사용할 수 있는 화력 수치
124,124,63.303049,5,—,3.5,2,defense_reference_demo_schemora_gpt5_nano_v1,교전규칙,requirement,5,작전명령,target_terrain,bm25_match,,1.19911718,true,5,Low,SCHEMORA의 고정된 검색·테이블 선택·열 순위화 단계가 이 후보를 #5로 반환했습니다. 원 데모 점수와 같은 척도가 아닙니다.,deterministic_schemora_trace_v1,규칙을 준수하기 위해 충족해야 하는 요구사항,작전이 확보하거나 방어해야 하는 목표 지형
125,124,63.303049,5,—,3.5,2,defense_reference_demo_schemora_gpt5_nano_v1,작전명령,operation_name,5,지형_정보,name,bm25_match|bm25_match_syn,,1.37877619,true,5,Low,SCHEMORA의 고정된 검색·테이블 선택·열 순위화 단계가 이 후보를 #5로 반환했습니다. 원 데모 점수와 같은 척도가 아닙니다.,deterministic_schemora_trace_v1,작전의 고유 명칭,지형의 공식 명칭
126,126,63.052885,4,—,5,2,defense_reference_demo_schemora_gpt5_nano_v1,아군_부대,available_firepower,4,교전규칙,condition,bm25_match_syn,,1.13952446,true,4,Low,SCHEMORA의 고정된 검색·테이블 선택·열 순위화 단계가 이 후보를 #4로 반환했습니다. 원 데모 점수와 같은 척도가 아닙니다.,deterministic_schemora_trace_v1,아군 부대가 사용할 수 있는 화력 수치,규칙이 적용되는 조건
127,126,63.052885,4,5,—,2,defense_reference_demo_schemora_gpt5_nano_v1,아군_부대,unit_name,4,작전명령,mission,embedding_match|embedding_match_syn,0.58619654,,true,4,Low,SCHEMORA의 고정된 검색·테이블 선택·열 순위화 단계가 이 후보를 #4로 반환했습니다. 원 데모 점수와 같은 척도가 아닙니다.,deterministic_schemora_trace_v1,아군 부대의 표시 명칭,부대가 수행해야 하는 임무 문장
128,126,63.052885,5,—,4,2,defense_reference_demo_schemora_gpt5_nano_v1,아군_부대,available_firepower,5,교전규칙,priority,bm25_match,,1.24385738,true,5,Low,SCHEMORA의 고정된 검색·테이블 선택·열 순위화 단계가 이 후보를 #5로 반환했습니다. 원 데모 점수와 같은 척도가 아닙니다.,deterministic_schemora_trace_v1,아군 부대가 사용할 수 있는 화력 수치,규칙 적용 우선순위
129,126,63.052885,5,—,4,2,defense_reference_demo_schemora_gpt5_nano_v1,아군_부대,unit_id,5,교전규칙,condition,bm25_match,,1.01007128,true,5,Low,SCHEMORA의 고정된 검색·테이블 선택·열 순위화 단계가 이 후보를 #5로 반환했습니다. 원 데모 점수와 같은 척도가 아닙니다.,deterministic_schemora_trace_v1,아군 부대를 식별하는 ID,규칙이 적용되는 조건
130,126,63.052885,5,4,—,2,defense_reference_demo_schemora_gpt5_nano_v1,작전명령,opord_id,5,아군_부대,unit_name,embedding_match_syn,0.60683531,,true,5,Low,SCHEMORA의 고정된 검색·테이블 선택·열 순위화 단계가 이 후보를 #5로 반환했습니다. 원 데모 점수와 같은 척도가 아닙니다.,deterministic_schemora_trace_v1,작전명령을 식별하는 ID,아군 부대의 표시 명칭
131,126,63.052885,5,—,4,2,defense_reference_demo_schemora_gpt5_nano_v1,적군_부대,available_firepower,5,교전규칙,rule_name,bm25_match,,1.16727936,true,5,Low,SCHEMORA의 고정된 검색·테이블 선택·열 순위화 단계가 이 후보를 #5로 반환했습니다. 원 데모 점수와 같은 척도가 아닙니다.,deterministic_schemora_trace_v1,적군 부대가 사용할 수 있는 화력 수치,교전규칙 또는 표준절차의 명칭
132,132,62.806599,5,—,4.5,2,defense_reference_demo_schemora_gpt5_nano_v1,교전규칙,priority,5,지형_정보,name,bm25_match,,1.14227045,true,5,Low,SCHEMORA의 고정된 검색·테이블 선택·열 순위화 단계가 이 후보를 #5로 반환했습니다. 원 데모 점수와 같은 척도가 아닙니다.,deterministic_schemora_trace_v1,규칙 적용 우선순위,지형의 공식 명칭
133,133,62.564103,5,5,—,2,defense_reference_demo_schemora_gpt5_nano_v1,작전명령,target_terrain,5,지형_정보,elevation,embedding_match|embedding_match_syn,0.58645999,,true,5,Low,SCHEMORA의 고정된 검색·테이블 선택·열 순위화 단계가 이 후보를 #5로 반환했습니다. 원 데모 점수와 같은 척도가 아닙니다.,deterministic_schemora_trace_v1,작전이 확보하거나 방어해야 하는 목표 지형,미터 단위로 표시된 지형 고도
134,133,62.564103,5,—,5,2,defense_reference_demo_schemora_gpt5_nano_v1,지형_정보,elevation,5,교전규칙,condition,bm25_match,,1.17919350,true,5,Low,SCHEMORA의 고정된 검색·테이블 선택·열 순위화 단계가 이 후보를 #5로 반환했습니다. 원 데모 점수와 같은 척도가 아닙니다.,deterministic_schemora_trace_v1,미터 단위로 표시된 지형 고도,규칙이 적용되는 조건
135,133,62.564103,5,—,5,2,defense_reference_demo_schemora_gpt5_nano_v1,지형_정보,terrain_type,5,작전명령,mission,bm25_match_syn,,1.24445295,true,5,Low,SCHEMORA의 고정된 검색·테이블 선택·열 순위화 단계가 이 후보를 #5로 반환했습니다. 원 데모 점수와 같은 척도가 아닙니다.,deterministic_schemora_trace_v1,고지 또는 능선과 같은 지형 유형,부대가 수행해야 하는 임무 문장
