TableName,TableDescription,ColumnName,ColumnDescription,ColumnType,SampleValues,DescriptionSource,TableDescriptionStatus,ColumnDescriptionStatus,ColumnTypeStatus,SampleValuesStatus
ContractAward,"Identifiers, descriptions, dates, periods, and monetary totals for a USAspending Department of Defense prime contract award.",contract_award_unique_key,"Derived unique record key used by the Broker to identify the prime award. Note that this element is different from the AssistanceTransactionUniqueKey and the ContractTransactionUniqueKey in that it identifies the award, not a specific transaction within the award. For contract records, this element is a concatenation of PIID, agencyID, ParentAwardId, and Referenced IDV Agency Identifier. For financial assistance records, this element is a concatenation of FAIN, URI, and AwardingSubTierAgencyCode. In both cases a single underscore ('_') character is inserted in between each element value. And in both cases if an element value is blank then the values used is ""NONE"".",,,USAspending data dictionary API; element PrimeAwardUniqueKey,manually_written,source_provided,missing,missing
ContractAward,"Identifiers, descriptions, dates, periods, and monetary totals for a USAspending Department of Defense prime contract award.",prime_award_base_transaction_description,"For procurement awards: Per the FPDS data dictionary, a brief, summary level, plain English, description of the contract, award, or modification. Additional information: the description field may also include abbreviations, acronyms, or other information that is not plain English such as that required by OMB policies (CARES Act, etc).

For financial assistance awards: A plain language description of the Federal award purpose; activities to be performed; deliverables and expected outcomes; intended beneficiary(ies); and subrecipient activities if known/specified at the time of award.",,,USAspending data dictionary API; element AwardDescription,manually_written,source_provided,missing,missing
ContractAward,"Identifiers, descriptions, dates, periods, and monetary totals for a USAspending Department of Defense prime contract award.",action_date,The date the action being reported was issued / signed by the Government or a binding agreement was reached.,,,USAspending data dictionary API; element ActionDate,manually_written,source_provided,missing,missing
ContractAward,"Identifiers, descriptions, dates, periods, and monetary totals for a USAspending Department of Defense prime contract award.",award_latest_action_date,Represents the award latest action date.,,,USAspending data dictionary API; element AwardLatestActionDate,manually_written,source_provided,missing,missing
ContractAward,"Identifiers, descriptions, dates, periods, and monetary totals for a USAspending Department of Defense prime contract award.",period_of_performance_start_date,"For procurement awards: Per the FPDS data dictionary, the date that the parties agree will be the starting date for the contract's requirements. This is the period of performance start date for the entire contract period, this date does not reflect period of performance per modification, but rather the start of the entire contract period of performance. This data element does NOT correspond to FAR 43.101 or 52.243 and should not be mapped to those fields in your contract writing systems. 

For grants and cooperative agreements: The Period of Performance is defined in the 2 CFR 200 as the total estimated time interval between the start of an initial Federal award and the planned end date, which may include one or more funded portions, or budget periods.

For all other financial assistance awards: The date on which, for the award referred to by the action being reported, awardee effort begins or the award is otherwise effective.",,,USAspending data dictionary API; element PeriodOfPerformanceStartDate,manually_written,source_provided,missing,missing
ContractAward,"Identifiers, descriptions, dates, periods, and monetary totals for a USAspending Department of Defense prime contract award.",period_of_performance_current_end_date,"For procurement awards: The contract completion date based on the schedule in the contract. For an initial award, this is the scheduled completion date for the base contract and for any options exercised at time of award. For modifications that exercise options or that shorten (such as termination) or extend the contract period of performance, this is the revised scheduled completion date for the base contract including exercised options. If the award is solely for the purchase of supplies to be delivered, the completion date should correspond to the latest delivery date on the base contract and any exercised options. The completion date does not change to reflect a closeout date. 

For grants and cooperative agreements: The Period of Performance is defined in the CFR 200 as the total estimated time interval between the start of an initial Federal award and the planned end date, which may include one or more funded portions, or budget periods. If the end date is revised due to an extension, termination, lack of available funds, or other reason, the current end date will be amended.

For all other financial assistance awards: The current date on which, for the award referred to by the action being reported, awardee effort completes or the award is otherwise ended. Administrative actions related to this award may continue to occur after this date.",,,USAspending data dictionary API; element PeriodOfPerformanceCurrentEndDate,manually_written,source_provided,missing,missing
ContractAward,"Identifiers, descriptions, dates, periods, and monetary totals for a USAspending Department of Defense prime contract award.",period_of_performance_potential_end_date,"For procurement, the date on which, for the award referred to by the action being reported if all potential pre-determined or pre-negotiated options were exercised, awardee effort is completed or the award is otherwise ended. Administrative actions related to this award may continue to occur after this date. This date does not apply to procurement indefinite delivery vehicles under which definitive orders may be awarded.",,,USAspending data dictionary API; element PeriodOfPerformancePotentialEndDate,manually_written,source_provided,missing,missing
ContractAward,"Identifiers, descriptions, dates, periods, and monetary totals for a USAspending Department of Defense prime contract award.",current_total_value_of_award,"For procurement, the total amount obligated to date on a contract, including the base and exercised options.",,,USAspending data dictionary API; element CurrentTotalValueOfAward,manually_written,source_provided,missing,missing
ContractAward,"Identifiers, descriptions, dates, periods, and monetary totals for a USAspending Department of Defense prime contract award.",potential_total_value_of_award,"For procurement, the total amount that could be obligated on a contract, if the base and all options are exercised.",,,USAspending data dictionary API; element PotentialTotalValueOfAward,manually_written,source_provided,missing,missing
ContractAward,"Identifiers, descriptions, dates, periods, and monetary totals for a USAspending Department of Defense prime contract award.",total_obligated_amount,"This is a system generated element providing the sum of all the amounts entered in the ""Action Obligation"" field for a particular PIID and Agency. Example: Contract has 9 Modifications under ""Transaction Number"" as '1' and 9 modifications with the same PIID under ""Transaction Number"" as '2'. The base contracts and all the modifications have ""Action Obligation"" as $10 each. The value for the field ""Total Obligated Amount"" when the either of the bases or the modification is retrieved through atom feeds will be $200 ($100 under Transaction Number 1 + $100 under Transaction Number 2). ""Total Obligated Amount"" is generated irrespective of the ""Transaction Number"" on the Awards.",,,USAspending data dictionary API; element TotalDollarsObligated,manually_written,source_provided,missing,missing
ContractAward,"Identifiers, descriptions, dates, periods, and monetary totals for a USAspending Department of Defense prime contract award.",total_outlayed_amount_for_overall_award,"Represents the total outlayed amount for a given award across time. Note that outlays have only been required to be reported since FY22 (other than for COVID-19 supplemental-funded awards, which were reported starting in FY20)",,,USAspending data dictionary API; element TotalOutlayedAmountForOverallAward,manually_written,source_provided,missing,missing
ContractAward,"Identifiers, descriptions, dates, periods, and monetary totals for a USAspending Department of Defense prime contract award.",solicitation_identifier,Identifier used to link transactions in FPDS to solicitation information.,,,USAspending data dictionary API; element SolicitationIdentifier,manually_written,source_provided,missing,missing
ContractAward,"Identifiers, descriptions, dates, periods, and monetary totals for a USAspending Department of Defense prime contract award.",solicitation_date,"For award of a new contract, purchase order, task\delivery order, or BPA Call valued above the SAT a solicitation issuance date must be provided, regardless of whether the new award: Was required to be advertised (i.e., posted on FBO, etc.); Is an order under a single-award indefinite-delivery contract; or Is an award that was not competed.",,,USAspending data dictionary API; element SolicitationDate,manually_written,source_provided,missing,missing
ContractAward,"Identifiers, descriptions, dates, periods, and monetary totals for a USAspending Department of Defense prime contract award.",parent_award_id_piid,"The identifier of the procurement award under which the specific award is issued, such as a Federal Supply Schedule. This data element currently applies to procurement actions only.",,,USAspending data dictionary API; element ParentAwardID,manually_written,source_provided,missing,missing
AwardingOrganization,Awarding and funding federal organization identifiers and names.,awarding_agency_code,A department or establishment of the Government as used in the Treasury Account Fund Symbol (TAFS).,,See https://files.usaspending.gov/reference_data/agency_codes.csv (CGAC AGENCY CODE column),USAspending data dictionary API; element AwardingAgencyCode,manually_written,source_provided,missing,source_provided
AwardingOrganization,Awarding and funding federal organization identifiers and names.,awarding_agency_name,The name associated with a department or establishment of the Government as used in the Treasury Account Fund Symbol (TAFS).,,See https://files.usaspending.gov/reference_data/agency_codes.csv (AGENCY NAME column),USAspending data dictionary API; element AwardingAgencyName,manually_written,source_provided,missing,source_provided
AwardingOrganization,Awarding and funding federal organization identifiers and names.,awarding_sub_agency_code,"Identifier of the level 2 organization that awarded, executed or is otherwise responsible for the transaction.",,See https://files.usaspending.gov/reference_data/agency_codes.csv (SUBTIER CODE column),USAspending data dictionary API; element AwardingSubTierAgencyCode,manually_written,source_provided,missing,source_provided
AwardingOrganization,Awarding and funding federal organization identifiers and names.,awarding_sub_agency_name,"Name of the level 2 organization that awarded, executed or is otherwise responsible for the transaction.",,See https://files.usaspending.gov/reference_data/agency_codes.csv (SUBTIER NAME column),USAspending data dictionary API; element AwardingSubTierAgencyName,manually_written,source_provided,missing,source_provided
AwardingOrganization,Awarding and funding federal organization identifiers and names.,awarding_office_code,"Identifier of the level n organization that awarded, executed or is otherwise responsible for the transaction.",,Refer to the GSA IAE Federal Hierarchy from SAM.gov,USAspending data dictionary API; element AwardingOfficeCode,manually_written,source_provided,missing,source_provided
AwardingOrganization,Awarding and funding federal organization identifiers and names.,awarding_office_name,"Name of the level n organization that awarded, executed or is otherwise responsible for the transaction.",,Refer to the GSA IAE Federal Hierarchy from SAM.gov,USAspending data dictionary API; element AwardingOfficeName,manually_written,source_provided,missing,source_provided
AwardingOrganization,Awarding and funding federal organization identifiers and names.,funding_agency_code,The 3-digit CGAC agency code of the department or establishment of the Government that provided the preponderance of the funds for an award and/or individual transactions related to an award.,,See https://files.usaspending.gov/reference_data/agency_codes.csv (CGAC AGENCY CODE column),USAspending data dictionary API; element FundingAgencyCode,manually_written,source_provided,missing,source_provided
AwardingOrganization,Awarding and funding federal organization identifiers and names.,funding_agency_name,Name of the department or establishment of the Government that provided the preponderance of the funds for an award and/or individual transactions related to an award.,,See https://files.usaspending.gov/reference_data/agency_codes.csv (AGENCY NAME column),USAspending data dictionary API; element FundingAgencyName,manually_written,source_provided,missing,source_provided
RecipientOrganization,"Public registration identifiers, names, and selected business characteristics of a contract recipient.",recipient_uei,"The Unique Entity Identifier (UEI) for an awardee or recipient. A UEI is a unique alphanumeric code used to identify a specific commercial, nonprofit, or business entity.",,,USAspending data dictionary API; element AwardeeOrRecipientUEI,manually_written,source_provided,missing,missing
RecipientOrganization,"Public registration identifiers, names, and selected business characteristics of a contract recipient.",recipient_name,"The name of the awardee or recipient that relates to the unique identifier. For U.S. based companies, this name is what the business ordinarily files in formation documents with individual states (when required).",,,USAspending data dictionary API; element AwardeeOrRecipientLegalEntityName,manually_written,source_provided,missing,missing
RecipientOrganization,"Public registration identifiers, names, and selected business characteristics of a contract recipient.",recipient_doing_business_as_name,The doing business as name of the entity address.,,,USAspending data dictionary API; element EntityDoingBusinessAsName,manually_written,source_provided,missing,missing
RecipientOrganization,"Public registration identifiers, names, and selected business characteristics of a contract recipient.",recipient_parent_uei,"The Unique Entity Identifier (UEI) for the ultimate parent of an awardee or recipient. A UEI is a unique alphanumeric code used to identify a specific commercial, nonprofit, or business entity.",,,USAspending data dictionary API; element UltimateParentUEI,manually_written,source_provided,missing,missing
RecipientOrganization,"Public registration identifiers, names, and selected business characteristics of a contract recipient.",recipient_parent_name,The name of the ultimate parent of the awardee or recipient.,,,USAspending data dictionary API; element UltimateParentLegalEntityName,manually_written,source_provided,missing,missing
RecipientOrganization,"Public registration identifiers, names, and selected business characteristics of a contract recipient.",cage_code,The CAGE Code of the entity. Used as a key to SAM. Maps to the Unique Entity ID.,,,USAspending data dictionary API; element CAGECode,manually_written,source_provided,missing,missing
RecipientOrganization,"Public registration identifiers, names, and selected business characteristics of a contract recipient.",contracting_officers_determination_of_business_size_code,The Contracting Officer's determination of whether the selected contractor meets the small business size standard for award to a small business for the NAICS code that is applicable to the contract.,,S = Small Business | O = Other Than Small Business,USAspending data dictionary API; element ContractingOfficer'sDeterminationOfBusinessSize,manually_written,source_provided,missing,source_provided
RecipientOrganization,"Public registration identifiers, names, and selected business characteristics of a contract recipient.",veteran_owned_business,"List characteristic of the contractor such as whether the selected contractor is a Veteran Owned Business or not. It can be derived from the SAM data element, 'Business Types'.",,F = False | T = True,USAspending data dictionary API; element VeteranOwnedBusiness,manually_written,source_provided,missing,source_provided
RecipientOrganization,"Public registration identifiers, names, and selected business characteristics of a contract recipient.",woman_owned_business,"List characteristic of the contractor such as whether the selected contractor is a Woman Owned Business or not. It can be derived from the SAM data element, 'Business Types'.",,F = False | T = True,USAspending data dictionary API; element WomanOwnedBusiness,manually_written,source_provided,missing,source_provided
RecipientOrganization,"Public registration identifiers, names, and selected business characteristics of a contract recipient.",service_disabled_veteran_owned_business,"List characteristic of the contractor such as whether the selected contractor is a Service-Related Disabled Veteran Owned Business or not. It can be derived from the SAM data element, 'Business Types'.",,F = False | T = True,USAspending data dictionary API; element ServiceDisabledVeteranOwnedBusiness,manually_written,source_provided,missing,source_provided
PlaceOfPerformance,Public geographic descriptors for the primary place where award performance occurs; no raw award locations are retained.,primary_place_of_performance_city_name,The name of the city where the predominant performance of the award will be accomplished.,,Subawards and Contracts: refer to the GSA FSRS and FPDS systems | Assistance: see https://www.usgs.gov/core-science-systems/ngp/board-on-geographic-names/download-gnis-data,USAspending data dictionary API; element PrimaryPlaceOfPerformanceCityName,manually_written,source_provided,missing,source_provided
PlaceOfPerformance,Public geographic descriptors for the primary place where award performance occurs; no raw award locations are retained.,primary_place_of_performance_county_name,The name of the county where the predominant performance of the award will be accomplished.,,See https://geonames.usgs.gov/docs/stategaz/GOVT_UNITS.zip,USAspending data dictionary API; element PrimaryPlaceOfPerformanceCountyName,manually_written,source_provided,missing,source_provided
PlaceOfPerformance,Public geographic descriptors for the primary place where award performance occurs; no raw award locations are retained.,primary_place_of_performance_state_code,"United States Postal Service (USPS) two-letter abbreviation for the state or territory indicating where the predominant performance of the award will be accomplished. Identify States, the District of Columbia, territories (i.e., American Samoa, Guam, Northern Mariana Islands, Puerto Rico, U.S. Virgin Islands) and associated states (i.e., Republic of the Marshall Islands, the Federated States of Micronesia, and Palau) by their USPS two-letter abbreviation for the purposes of reporting.",,Refer to the GSA Federal Procurement Data System (FPDS),USAspending data dictionary API; element PrimaryPlaceOfPerformanceStateCode,manually_written,source_provided,missing,source_provided
PlaceOfPerformance,Public geographic descriptors for the primary place where award performance occurs; no raw award locations are retained.,primary_place_of_performance_state_name,The name of the state or territory where the predominant performance of the award will be accomplished.,,See https://geonames.usgs.gov/docs/stategaz/AllStates.zip,USAspending data dictionary API; element PrimaryPlaceOfPerformanceStateName,manually_written,source_provided,missing,source_provided
PlaceOfPerformance,Public geographic descriptors for the primary place where award performance occurs; no raw award locations are retained.,primary_place_of_performance_country_code,Country code where the predominant performance of the award will be accomplished.,,"Subawards and Contracts: refer to the GSA FSRS and FPDS systems | Financial Assistance: GENC Standard Version 3, Update 4, available from the following source: https://nsgreg.nga.mil/registries/browse/results.jsp?registryType=genc&registerField=IE4&browseType=genc",USAspending data dictionary API; element PrimaryPlaceOfPerformanceCountryCode,manually_written,source_provided,missing,source_provided
PlaceOfPerformance,Public geographic descriptors for the primary place where award performance occurs; no raw award locations are retained.,primary_place_of_performance_country_name,Name of the country represented by the country code where the predominant performance of the award will be accomplished.,,"Subawards and Contracts: refer to the GSA FSRS and FPDS systems | Financial Assistance: GENC Standard Version 3, Update 4, available from the following source: https://nsgreg.nga.mil/registries/browse/results.jsp?registryType=genc&registerField=IE4&browseType=genc",USAspending data dictionary API; element PrimaryPlaceOfPerformanceCountryName,manually_written,source_provided,missing,source_provided
PlaceOfPerformance,Public geographic descriptors for the primary place where award performance occurs; no raw award locations are retained.,primary_place_of_performance_zip_4,"United States ZIP code (five digits) concatenated with the additional +4 digits, identifying where the predominant performance of the award will be accomplished.",,"Data for validation purposes is sourced from USPS Postal Pro, though agencies are able to submit +4 ZIP components outside this list with a warning when the first five digits are in the Postal Pro file.",USAspending data dictionary API; element PrimaryPlaceOfPerformanceZIP+4,manually_written,source_provided,missing,source_provided
PlaceOfPerformance,Public geographic descriptors for the primary place where award performance occurs; no raw award locations are retained.,primary_place_of_performance_congressional_district,U.S. Congressional district where the predominant performance of the award will be accomplished.,,Subawards and Contracts: refer to the GSA FSRS and FPDS systems | Financial Assistance: data sourced from USPS Postal Pro,USAspending data dictionary API; element PrimaryPlaceOfPerformanceCongressionalDistrict,manually_written,source_provided,missing,source_provided
ProcurementClassification,"Product, industry, competition, pricing, and selected DoD-specific procurement classification fields.",product_or_service_code,The code that best identifies the product or service procured. Codes are defined in the Product and Service Codes Manual.,,See https://www.acquisition.gov/psc-manual,USAspending data dictionary API; element Product_or_Service_Code,manually_written,source_provided,missing,source_provided
ProcurementClassification,"Product, industry, competition, pricing, and selected DoD-specific procurement classification fields.",product_or_service_code_description,Description tag (by way of the FPDS Atom Feed) that explains the meaning of the code provided in the Product or Service Code Field.,,See https://www.acquisition.gov/psc-manual,USAspending data dictionary API; element Product or Service Code Description Tag,manually_written,source_provided,missing,source_provided
ProcurementClassification,"Product, industry, competition, pricing, and selected DoD-specific procurement classification fields.",naics_code,The identifier that represents the North American Industrial Classification System (NAICS) Code assigned to the solicitation and resulting award identifying the industry in which the contract requirements are normally performed.,,Refer to https://www.census.gov/naics/,USAspending data dictionary API; element NAICS,manually_written,source_provided,missing,source_provided
ProcurementClassification,"Product, industry, competition, pricing, and selected DoD-specific procurement classification fields.",naics_description,The title associated with the NAICS Code.,,Refer to https://www.census.gov/naics/,USAspending data dictionary API; element NAICS_Description,manually_written,source_provided,missing,source_provided
ProcurementClassification,"Product, industry, competition, pricing, and selected DoD-specific procurement classification fields.",extent_competed_code,A code that represents the competitive nature of the contract.,,A = FULL AND OPEN COMPETITION | B = NOT AVAILABLE FOR COMPETITION | C = NOT COMPETED,USAspending data dictionary API; element ExtentCompeted,manually_written,source_provided,missing,source_provided
ProcurementClassification,"Product, industry, competition, pricing, and selected DoD-specific procurement classification fields.",solicitation_procedures_code,The designator for competitive solicitation procedures available.,,NP = NEGOTIATED PROPOSAL/QUOTE | SB = SEALED BID | TS = TWO STEP,USAspending data dictionary API; element SolicitationProcedures,manually_written,source_provided,missing,source_provided
ProcurementClassification,"Product, industry, competition, pricing, and selected DoD-specific procurement classification fields.",type_of_set_aside_code,The designator for type of set aside determined for the contract action.,,NONE = NO SET ASIDE USED | SBA = SMALL BUSINESS SET ASIDE - TOTAL | 8A = 8A COMPETED,USAspending data dictionary API; element TypeSetAside,manually_written,source_provided,missing,source_provided
ProcurementClassification,"Product, industry, competition, pricing, and selected DoD-specific procurement classification fields.",type_of_contract_pricing_code,The type of contract as defined in FAR Part 16 that applies to this procurement.,,A = FIXED PRICE REDETERMINATION | B = FIXED PRICE LEVEL OF EFFORT | J = FIRM FIXED PRICE,USAspending data dictionary API; element TypeOfContractPricing,manually_written,source_provided,missing,source_provided
ProcurementClassification,"Product, industry, competition, pricing, and selected DoD-specific procurement classification fields.",domestic_or_foreign_entity_code,Code that indicates the type of entity from the values listed.,,A = U.S. OWNED BUSINESS | B = OTHER U.S. ENTITY (E.G. GOVERNMENT) | C = FOREIGN-OWNED BUSINESS INCORPORATED IN THE U.S.,USAspending data dictionary API; element Domestic_or_Foreign_Entity,manually_written,source_provided,missing,source_provided
ProcurementClassification,"Product, industry, competition, pricing, and selected DoD-specific procurement classification fields.",country_of_product_or_service_origin_code,Identifies the country of product or service origin.,,Refer to the GSA Federal Procurement Data System (FPDS),USAspending data dictionary API; element CountryOfProductOrServiceOrigin,manually_written,source_provided,missing,source_provided
ProcurementClassification,"Product, industry, competition, pricing, and selected DoD-specific procurement classification fields.",dod_acquisition_program_code,"Two codes that together identify the program and weapons system or equipment purchased by a DoD agency. The first character is a number 1-4 that identifies the DoD component. The last 3 characters identify that component's program, system, or equipment.",,"According to the GSA Federal Procurement Data System (FPDS), these are listed in the DoD Procurement Coding Manual Section II, Program and System or Equipment Codes",USAspending data dictionary API; element DOD_Acquisition_Program,manually_written,source_provided,missing,source_provided
ProcurementClassification,"Product, industry, competition, pricing, and selected DoD-specific procurement classification fields.",dod_claimant_program_code,"A claimant program number designates a grouping of supplies, construction, or other services.",,"According to the GSA Federal Procurement Data System (FPDS), these are listed in the DoD Procurement Coding Manual Section III, DoD | Claimant Program Number",USAspending data dictionary API; element DoD_Claimant_Program_Code,manually_written,source_provided,missing,source_provided
ProcurementClassification,"Product, industry, competition, pricing, and selected DoD-specific procurement classification fields.",contingency_humanitarian_or_peacekeeping_operation_code,"A designator of contract actions that support a declared contingency operation, a declared humanitarian or peacekeeping operation, or a declared presidential issued emergency declaration or a major disaster declaration.",,"A = CONTINGENCY OPERATION AS DEFINED IN 10 U.S.C. 101(A)(13) | B = HUMANITARIAN OR PEACEKEEPING OPERATION AS DEFINED IN 10 U.S.C. 2302(8) | C = PRESIDENTIAL ISSUED EMERGENCY DECLARATION, OR A MAJOR DISASTER DECLARATION",USAspending data dictionary API; element EmergencyAcquisition,manually_written,source_provided,missing,source_provided
ProcurementClassification,"Product, industry, competition, pricing, and selected DoD-specific procurement classification fields.",sea_transportation_code,A code designating whether the contractor anticipates some of the supplies may be transported by sea.,,Y = YES | N = NO | U = UNKNOWN,USAspending data dictionary API; element SeaTransportation,manually_written,source_provided,missing,source_provided
ProcurementClassification,"Product, industry, competition, pricing, and selected DoD-specific procurement classification fields.",subcontracting_plan_code,Subcontracting plan requirement. (See FAR Part 19.702).,,A = PLAN NOT INCLUDED - NO SUBCONTRACTING POSSIBILITIES | B = PLAN NOT REQUIRED | C = PLAN REQUIRED - INCENTIVE NOT INCLUDED,USAspending data dictionary API; element SubcontractingPlan,manually_written,source_provided,missing,source_provided
