ObjectType,ObjectTypeDescription,PropertyName,PropertyDescription,PropertyType,DefinitionSource,DefinitionStatus
Release,"Each release provides data about a single contracting process at a particular point in time. Releases can be used to notify users of new tenders, awards, contracts and other updates. Releases may repeat or update information provided previously in this contracting process. One contracting process may have many releases. A 'record' of a contracting process follows the same structure as a release, but combines information from multiple points in time into a single summary.",ocid,A globally unique identifier for this Open Contracting Process. Composed of an ocid prefix and an identifier for the contracting process. For more information see the [Open Contracting Identifier guidance](https://standard.open-contracting.org/1.1/en/schema/identifiers/),string,OCDS 1.1.5 canonical release schema; Release.ocid,source_provided
Release,"Each release provides data about a single contracting process at a particular point in time. Releases can be used to notify users of new tenders, awards, contracts and other updates. Releases may repeat or update information provided previously in this contracting process. One contracting process may have many releases. A 'record' of a contracting process follows the same structure as a release, but combines information from multiple points in time into a single summary.",id,An identifier for this particular release of information. A release identifier must be unique within the scope of its related contracting process (defined by a common ocid). A release identifier must not contain the # character.,string,OCDS 1.1.5 canonical release schema; Release.id,source_provided
Release,"Each release provides data about a single contracting process at a particular point in time. Releases can be used to notify users of new tenders, awards, contracts and other updates. Releases may repeat or update information provided previously in this contracting process. One contracting process may have many releases. A 'record' of a contracting process follows the same structure as a release, but combines information from multiple points in time into a single summary.",date,"The date on which the information contained in the release was first recorded in, or published by, any system.",string,OCDS 1.1.5 canonical release schema; Release.date,source_provided
Release,"Each release provides data about a single contracting process at a particular point in time. Releases can be used to notify users of new tenders, awards, contracts and other updates. Releases may repeat or update information provided previously in this contracting process. One contracting process may have many releases. A 'record' of a contracting process follows the same structure as a release, but combines information from multiple points in time into a single summary.",tag,One or more values from the closed [releaseTag](https://standard.open-contracting.org/1.1/en/schema/codelists/#release-tag) codelist. Tags can be used to filter releases and to understand the kind of information that releases might contain.,array,OCDS 1.1.5 canonical release schema; Release.tag,source_provided
Release,"Each release provides data about a single contracting process at a particular point in time. Releases can be used to notify users of new tenders, awards, contracts and other updates. Releases may repeat or update information provided previously in this contracting process. One contracting process may have many releases. A 'record' of a contracting process follows the same structure as a release, but combines information from multiple points in time into a single summary.",initiationType,"The type of initiation process used for this contract, from the closed [initiationType](https://standard.open-contracting.org/1.1/en/schema/codelists/#initiation-type) codelist.",string,OCDS 1.1.5 canonical release schema; Release.initiationType,source_provided
Release,"Each release provides data about a single contracting process at a particular point in time. Releases can be used to notify users of new tenders, awards, contracts and other updates. Releases may repeat or update information provided previously in this contracting process. One contracting process may have many releases. A 'record' of a contracting process follows the same structure as a release, but combines information from multiple points in time into a single summary.",language,"The default language of the data using either two-letter [ISO639-1](https://en.wikipedia.org/wiki/List_of_ISO_639-1_codes), or extended [BCP47 language tags](http://www.w3.org/International/articles/language-tags/). The use of lowercase two-letter codes from [ISO639-1](https://en.wikipedia.org/wiki/List_of_ISO_639-1_codes) is recommended.",string|null,OCDS 1.1.5 canonical release schema; Release.language,source_provided
Tender,Data regarding tender process - publicly inviting prospective contractors to submit bids for evaluation and selecting a winner or winners.,id,"An identifier for this tender process. This may be the same as the ocid, or may be an internal identifier for this tender.",string|integer,OCDS 1.1.5 canonical release schema; Tender.id,source_provided
Tender,Data regarding tender process - publicly inviting prospective contractors to submit bids for evaluation and selecting a winner or winners.,title,"A title for this tender. This will often be used by applications as a headline to attract interest, and to help analysts understand the nature of this procurement.",string|null,OCDS 1.1.5 canonical release schema; Tender.title,source_provided
Tender,Data regarding tender process - publicly inviting prospective contractors to submit bids for evaluation and selecting a winner or winners.,description,A summary description of the tender. This complements any structured information provided using the items array. Descriptions should be short and easy to read. Avoid using ALL CAPS.,string|null,OCDS 1.1.5 canonical release schema; Tender.description,source_provided
Tender,Data regarding tender process - publicly inviting prospective contractors to submit bids for evaluation and selecting a winner or winners.,status,"The current status of the tender, from the closed [tenderStatus](https://standard.open-contracting.org/1.1/en/schema/codelists/#tender-status) codelist.",string|null,OCDS 1.1.5 canonical release schema; Tender.status,source_provided
Tender,Data regarding tender process - publicly inviting prospective contractors to submit bids for evaluation and selecting a winner or winners.,procuringEntity.id,The id of the party being referenced. This must match the id of an entry in the parties section.,string|integer,OCDS 1.1.5 canonical release schema; Tender.procuringEntity.id,source_provided
Tender,Data regarding tender process - publicly inviting prospective contractors to submit bids for evaluation and selecting a winner or winners.,procuringEntity.name,The name of the party being referenced. This must match the name of an entry in the parties section.,string|null,OCDS 1.1.5 canonical release schema; Tender.procuringEntity.name,source_provided
Tender,Data regarding tender process - publicly inviting prospective contractors to submit bids for evaluation and selecting a winner or winners.,value.amount,Amount as a number.,number|null,OCDS 1.1.5 canonical release schema; Tender.value.amount,source_provided
Tender,Data regarding tender process - publicly inviting prospective contractors to submit bids for evaluation and selecting a winner or winners.,value.currency,"The currency of the amount, from the closed [currency](https://standard.open-contracting.org/1.1/en/schema/codelists/#currency) codelist.",string|null,OCDS 1.1.5 canonical release schema; Tender.value.currency,source_provided
Tender,Data regarding tender process - publicly inviting prospective contractors to submit bids for evaluation and selecting a winner or winners.,minValue.amount,Amount as a number.,number|null,OCDS 1.1.5 canonical release schema; Tender.minValue.amount,source_provided
Tender,Data regarding tender process - publicly inviting prospective contractors to submit bids for evaluation and selecting a winner or winners.,minValue.currency,"The currency of the amount, from the closed [currency](https://standard.open-contracting.org/1.1/en/schema/codelists/#currency) codelist.",string|null,OCDS 1.1.5 canonical release schema; Tender.minValue.currency,source_provided
Tender,Data regarding tender process - publicly inviting prospective contractors to submit bids for evaluation and selecting a winner or winners.,procurementMethod,"The procurement method, from the closed [method](https://standard.open-contracting.org/1.1/en/schema/codelists/#method) codelist.",string|null,OCDS 1.1.5 canonical release schema; Tender.procurementMethod,source_provided
Tender,Data regarding tender process - publicly inviting prospective contractors to submit bids for evaluation and selecting a winner or winners.,procurementMethodDetails,Additional detail on the procurement method used. This field can be used to provide the local name of the particular procurement method used.,string|null,OCDS 1.1.5 canonical release schema; Tender.procurementMethodDetails,source_provided
Tender,Data regarding tender process - publicly inviting prospective contractors to submit bids for evaluation and selecting a winner or winners.,procurementMethodRationale,Rationale for the chosen procurement method. This is especially important to provide a justification in the case of limited tenders or direct awards.,string|null,OCDS 1.1.5 canonical release schema; Tender.procurementMethodRationale,source_provided
Tender,Data regarding tender process - publicly inviting prospective contractors to submit bids for evaluation and selecting a winner or winners.,mainProcurementCategory,"The primary category describing the main object of this contracting process, from the closed [procurementCategory](https://standard.open-contracting.org/1.1/en/schema/codelists/#procurement-category) codelist.",string|null,OCDS 1.1.5 canonical release schema; Tender.mainProcurementCategory,source_provided
Tender,Data regarding tender process - publicly inviting prospective contractors to submit bids for evaluation and selecting a winner or winners.,additionalProcurementCategories,"Any additional categories describing the objects of this contracting process, using the open [extendedProcurementCategory](https://standard.open-contracting.org/1.1/en/schema/codelists/#extended-procurement-category) codelist.",array|null,OCDS 1.1.5 canonical release schema; Tender.additionalProcurementCategories,source_provided
Tender,Data regarding tender process - publicly inviting prospective contractors to submit bids for evaluation and selecting a winner or winners.,awardCriteria,"The award criteria for the procurement, using the open [awardCriteria](https://standard.open-contracting.org/1.1/en/schema/codelists/#award-criteria) codelist.",string|null,OCDS 1.1.5 canonical release schema; Tender.awardCriteria,source_provided
Tender,Data regarding tender process - publicly inviting prospective contractors to submit bids for evaluation and selecting a winner or winners.,awardCriteriaDetails,Any detailed or further information on the award or selection criteria.,string|null,OCDS 1.1.5 canonical release schema; Tender.awardCriteriaDetails,source_provided
Tender,Data regarding tender process - publicly inviting prospective contractors to submit bids for evaluation and selecting a winner or winners.,submissionMethod,"The methods by which bids are submitted, using the open [submissionMethod](https://standard.open-contracting.org/1.1/en/schema/codelists/#submission-method) codelist.",array|null,OCDS 1.1.5 canonical release schema; Tender.submissionMethod,source_provided
Tender,Data regarding tender process - publicly inviting prospective contractors to submit bids for evaluation and selecting a winner or winners.,submissionMethodDetails,"Any detailed or further information on the submission method. This can include the address, e-mail address or online service to which bids are submitted, and any special requirements to be followed for submissions.",string|null,OCDS 1.1.5 canonical release schema; Tender.submissionMethodDetails,source_provided
Tender,Data regarding tender process - publicly inviting prospective contractors to submit bids for evaluation and selecting a winner or winners.,tenderPeriod.startDate,"The start date for the period. When known, a precise start date must be provided.",string|null,OCDS 1.1.5 canonical release schema; Tender.tenderPeriod.startDate,source_provided
Tender,Data regarding tender process - publicly inviting prospective contractors to submit bids for evaluation and selecting a winner or winners.,tenderPeriod.endDate,"The end date for the period. When known, a precise end date must be provided.",string|null,OCDS 1.1.5 canonical release schema; Tender.tenderPeriod.endDate,source_provided
Tender,Data regarding tender process - publicly inviting prospective contractors to submit bids for evaluation and selecting a winner or winners.,contractPeriod.startDate,"The start date for the period. When known, a precise start date must be provided.",string|null,OCDS 1.1.5 canonical release schema; Tender.contractPeriod.startDate,source_provided
Tender,Data regarding tender process - publicly inviting prospective contractors to submit bids for evaluation and selecting a winner or winners.,contractPeriod.endDate,"The end date for the period. When known, a precise end date must be provided.",string|null,OCDS 1.1.5 canonical release schema; Tender.contractPeriod.endDate,source_provided
Tender,Data regarding tender process - publicly inviting prospective contractors to submit bids for evaluation and selecting a winner or winners.,numberOfTenderers,The number of parties who submit a bid.,integer|null,OCDS 1.1.5 canonical release schema; Tender.numberOfTenderers,source_provided
Award,"An award for the given procurement. There can be more than one award per contracting process e.g. because the contract is split among different providers, or because it is a standing offer.",id,The identifier for this award. It must be unique and must not change within the Open Contracting Process it is part of (defined by a single ocid). See the [identifier guidance](https://standard.open-contracting.org/1.1/en/schema/identifiers/) for further details.,string|integer,OCDS 1.1.5 canonical release schema; Award.id,source_provided
Award,"An award for the given procurement. There can be more than one award per contracting process e.g. because the contract is split among different providers, or because it is a standing offer.",title,Award title,string|null,OCDS 1.1.5 canonical release schema; Award.title,source_provided
Award,"An award for the given procurement. There can be more than one award per contracting process e.g. because the contract is split among different providers, or because it is a standing offer.",description,Award description,string|null,OCDS 1.1.5 canonical release schema; Award.description,source_provided
Award,"An award for the given procurement. There can be more than one award per contracting process e.g. because the contract is split among different providers, or because it is a standing offer.",status,"The current status of the award, from the closed [awardStatus](https://standard.open-contracting.org/1.1/en/schema/codelists/#award-status) codelist.",string|null,OCDS 1.1.5 canonical release schema; Award.status,source_provided
Award,"An award for the given procurement. There can be more than one award per contracting process e.g. because the contract is split among different providers, or because it is a standing offer.",date,The date of the contract award. This is usually the date on which a decision to award was made.,string|null,OCDS 1.1.5 canonical release schema; Award.date,source_provided
Award,"An award for the given procurement. There can be more than one award per contracting process e.g. because the contract is split among different providers, or because it is a standing offer.",value.amount,Amount as a number.,number|null,OCDS 1.1.5 canonical release schema; Award.value.amount,source_provided
Award,"An award for the given procurement. There can be more than one award per contracting process e.g. because the contract is split among different providers, or because it is a standing offer.",value.currency,"The currency of the amount, from the closed [currency](https://standard.open-contracting.org/1.1/en/schema/codelists/#currency) codelist.",string|null,OCDS 1.1.5 canonical release schema; Award.value.currency,source_provided
Award,"An award for the given procurement. There can be more than one award per contracting process e.g. because the contract is split among different providers, or because it is a standing offer.",suppliers.id,The id of the party being referenced. This must match the id of an entry in the parties section.,string|integer,OCDS 1.1.5 canonical release schema; Award.suppliers.id,source_provided
Award,"An award for the given procurement. There can be more than one award per contracting process e.g. because the contract is split among different providers, or because it is a standing offer.",suppliers.name,The name of the party being referenced. This must match the name of an entry in the parties section.,string|null,OCDS 1.1.5 canonical release schema; Award.suppliers.name,source_provided
Award,"An award for the given procurement. There can be more than one award per contracting process e.g. because the contract is split among different providers, or because it is a standing offer.",contractPeriod.startDate,"The start date for the period. When known, a precise start date must be provided.",string|null,OCDS 1.1.5 canonical release schema; Award.contractPeriod.startDate,source_provided
Award,"An award for the given procurement. There can be more than one award per contracting process e.g. because the contract is split among different providers, or because it is a standing offer.",contractPeriod.endDate,"The end date for the period. When known, a precise end date must be provided.",string|null,OCDS 1.1.5 canonical release schema; Award.contractPeriod.endDate,source_provided
Award,"An award for the given procurement. There can be more than one award per contracting process e.g. because the contract is split among different providers, or because it is a standing offer.",contractPeriod.maxExtentDate,The period cannot be extended beyond this date. This field can be used to express the maximum available date for extension or renewal of this period.,string|null,OCDS 1.1.5 canonical release schema; Award.contractPeriod.maxExtentDate,source_provided
Award,"An award for the given procurement. There can be more than one award per contracting process e.g. because the contract is split among different providers, or because it is a standing offer.",contractPeriod.durationInDays,"The maximum duration of this period in days. A user interface can collect or display this data in months or years as appropriate, and then convert it into days when storing this field. This field can be used when exact dates are not known. If a startDate and endDate are set, this field, if used, should be equal to the difference between startDate and endDate. Otherwise, if a startDate and maxExtentDate are set, this field, if used, should be equal to the difference between startDate and maxExtentDate.",integer|null,OCDS 1.1.5 canonical release schema; Award.contractPeriod.durationInDays,source_provided
Award,"An award for the given procurement. There can be more than one award per contracting process e.g. because the contract is split among different providers, or because it is a standing offer.",items.id,A local identifier to reference and merge the items by. Must be unique within a given array of items.,string|integer,OCDS 1.1.5 canonical release schema; Award.items.id,source_provided
Award,"An award for the given procurement. There can be more than one award per contracting process e.g. because the contract is split among different providers, or because it is a standing offer.",items.description,"A description of the goods, services to be provided.",string|null,OCDS 1.1.5 canonical release schema; Award.items.description,source_provided
Award,"An award for the given procurement. There can be more than one award per contracting process e.g. because the contract is split among different providers, or because it is a standing offer.",items.classification.scheme,"The scheme or codelist from which the classification code is taken. For line item classifications, this uses the open [itemClassificationScheme](https://standard.open-contracting.org/1.1/en/schema/codelists/#item-classification-scheme) codelist.",string|null,OCDS 1.1.5 canonical release schema; Award.items.classification.scheme,source_provided
Award,"An award for the given procurement. There can be more than one award per contracting process e.g. because the contract is split among different providers, or because it is a standing offer.",items.classification.id,The classification code taken from the scheme.,string|integer|null,OCDS 1.1.5 canonical release schema; Award.items.classification.id,source_provided
Award,"An award for the given procurement. There can be more than one award per contracting process e.g. because the contract is split among different providers, or because it is a standing offer.",items.classification.description,A textual description or title for the classification code.,string|null,OCDS 1.1.5 canonical release schema; Award.items.classification.description,source_provided
Contract,Information regarding the signed contract between the buyer and supplier(s).,id,The identifier for this contract. It must be unique and must not change within the Open Contracting Process it is part of (defined by a single ocid). See the [identifier guidance](https://standard.open-contracting.org/1.1/en/schema/identifiers/) for further details.,string|integer,OCDS 1.1.5 canonical release schema; Contract.id,source_provided
Contract,Information regarding the signed contract between the buyer and supplier(s).,awardID,The award.id against which this contract is being issued.,string|integer,OCDS 1.1.5 canonical release schema; Contract.awardID,source_provided
Contract,Information regarding the signed contract between the buyer and supplier(s).,title,Contract title,string|null,OCDS 1.1.5 canonical release schema; Contract.title,source_provided
Contract,Information regarding the signed contract between the buyer and supplier(s).,description,Contract description,string|null,OCDS 1.1.5 canonical release schema; Contract.description,source_provided
Contract,Information regarding the signed contract between the buyer and supplier(s).,status,"The current status of the contract, from the closed [contractStatus](https://standard.open-contracting.org/1.1/en/schema/codelists/#contract-status) codelist.",string|null,OCDS 1.1.5 canonical release schema; Contract.status,source_provided
Contract,Information regarding the signed contract between the buyer and supplier(s).,period.startDate,"The start date for the period. When known, a precise start date must be provided.",string|null,OCDS 1.1.5 canonical release schema; Contract.period.startDate,source_provided
Contract,Information regarding the signed contract between the buyer and supplier(s).,period.endDate,"The end date for the period. When known, a precise end date must be provided.",string|null,OCDS 1.1.5 canonical release schema; Contract.period.endDate,source_provided
Contract,Information regarding the signed contract between the buyer and supplier(s).,period.maxExtentDate,The period cannot be extended beyond this date. This field can be used to express the maximum available date for extension or renewal of this period.,string|null,OCDS 1.1.5 canonical release schema; Contract.period.maxExtentDate,source_provided
Contract,Information regarding the signed contract between the buyer and supplier(s).,period.durationInDays,"The maximum duration of this period in days. A user interface can collect or display this data in months or years as appropriate, and then convert it into days when storing this field. This field can be used when exact dates are not known. If a startDate and endDate are set, this field, if used, should be equal to the difference between startDate and endDate. Otherwise, if a startDate and maxExtentDate are set, this field, if used, should be equal to the difference between startDate and maxExtentDate.",integer|null,OCDS 1.1.5 canonical release schema; Contract.period.durationInDays,source_provided
Contract,Information regarding the signed contract between the buyer and supplier(s).,value.amount,Amount as a number.,number|null,OCDS 1.1.5 canonical release schema; Contract.value.amount,source_provided
Contract,Information regarding the signed contract between the buyer and supplier(s).,value.currency,"The currency of the amount, from the closed [currency](https://standard.open-contracting.org/1.1/en/schema/codelists/#currency) codelist.",string|null,OCDS 1.1.5 canonical release schema; Contract.value.currency,source_provided
Contract,Information regarding the signed contract between the buyer and supplier(s).,dateSigned,"The date the contract was signed. In the case of multiple signatures, the date of the last signature.",string|null,OCDS 1.1.5 canonical release schema; Contract.dateSigned,source_provided
Contract,Information regarding the signed contract between the buyer and supplier(s).,relatedProcesses.identifier,"The identifier of the related process. If the scheme is 'ocid', this must be an Open Contracting ID (ocid).",string|null,OCDS 1.1.5 canonical release schema; Contract.relatedProcesses.identifier,source_provided
Contract,Information regarding the signed contract between the buyer and supplier(s).,relatedProcesses.relationship,"The type of relationship, using the open [relatedProcess](https://standard.open-contracting.org/1.1/en/schema/codelists/#related-process) codelist.",array|null,OCDS 1.1.5 canonical release schema; Contract.relatedProcesses.relationship,source_provided
Organization,A party (organization),name,"A common name for this organization or other participant in the contracting process. The identifier object provides a space for the formal legal name, and so this may either repeat that value, or may provide the common name by which this organization or entity is known. This field may also include details of the department or sub-unit involved in this contracting process.",string|null,OCDS 1.1.5 canonical release schema; Organization.name,source_provided
Organization,A party (organization),id,The ID used for cross-referencing to this party from other sections of the release. This field may be built with the following structure {identifier.scheme}-{identifier.id}(-{department-identifier}).,string,OCDS 1.1.5 canonical release schema; Organization.id,source_provided
Organization,A party (organization),identifier.scheme,Organization identifiers should be taken from an existing organization identifier list. The scheme field is used to indicate the list or register from which the identifier is taken. This value should be taken from the [Organization Identifier Scheme](https://standard.open-contracting.org/1.1/en/schema/codelists/#organization-identifier-scheme) codelist.,string|null,OCDS 1.1.5 canonical release schema; Organization.identifier.scheme,source_provided
Organization,A party (organization),identifier.id,The identifier of the organization in the selected scheme.,string|integer|null,OCDS 1.1.5 canonical release schema; Organization.identifier.id,source_provided
Organization,A party (organization),identifier.legalName,The legally registered name of the organization.,string|null,OCDS 1.1.5 canonical release schema; Organization.identifier.legalName,source_provided
Organization,A party (organization),identifier.uri,"A URI to identify the organization, such as those provided by [Open Corporates](http://www.opencorporates.com) or some other relevant URI provider. This is not for listing the website of the organization: that can be done through the URL field of the Organization contact point.",string|null,OCDS 1.1.5 canonical release schema; Organization.identifier.uri,source_provided
Organization,A party (organization),address.streetAddress,"The street address. For example, 1600 Amphitheatre Pkwy.",string|null,OCDS 1.1.5 canonical release schema; Organization.address.streetAddress,source_provided
Organization,A party (organization),address.locality,"The locality. For example, Mountain View.",string|null,OCDS 1.1.5 canonical release schema; Organization.address.locality,source_provided
Organization,A party (organization),address.region,"The region. For example, CA.",string|null,OCDS 1.1.5 canonical release schema; Organization.address.region,source_provided
Organization,A party (organization),address.postalCode,"The postal code. For example, 94043.",string|null,OCDS 1.1.5 canonical release schema; Organization.address.postalCode,source_provided
Organization,A party (organization),address.countryName,"The country name. For example, United States.",string|null,OCDS 1.1.5 canonical release schema; Organization.address.countryName,source_provided
Organization,A party (organization),contactPoint.name,"The name of the contact person, department, or contact point, for correspondence relating to this contracting process.",string|null,OCDS 1.1.5 canonical release schema; Organization.contactPoint.name,source_provided
Organization,A party (organization),contactPoint.email,The e-mail address of the contact point/person.,string|null,OCDS 1.1.5 canonical release schema; Organization.contactPoint.email,source_provided
Organization,A party (organization),contactPoint.telephone,The telephone number of the contact point/person. This should include the international dialing code.,string|null,OCDS 1.1.5 canonical release schema; Organization.contactPoint.telephone,source_provided
Organization,A party (organization),contactPoint.faxNumber,The fax number of the contact point/person. This should include the international dialing code.,string|null,OCDS 1.1.5 canonical release schema; Organization.contactPoint.faxNumber,source_provided
Organization,A party (organization),contactPoint.url,A web address for the contact point/person.,string|null,OCDS 1.1.5 canonical release schema; Organization.contactPoint.url,source_provided
Organization,A party (organization),roles,"The party's role(s) in the contracting process, using the open [partyRole](https://standard.open-contracting.org/1.1/en/schema/codelists/#party-role) codelist.",array|null,OCDS 1.1.5 canonical release schema; Organization.roles,source_provided
Organization,A party (organization),details,Additional classification information about parties can be provided using partyDetail extensions that define particular fields and classification schemes.,object|null,OCDS 1.1.5 canonical release schema; Organization.details,source_provided
Address,An address.,streetAddress,"The street address. For example, 1600 Amphitheatre Pkwy.",string|null,OCDS 1.1.5 canonical release schema; Address.streetAddress,source_provided
Address,An address.,locality,"The locality. For example, Mountain View.",string|null,OCDS 1.1.5 canonical release schema; Address.locality,source_provided
Address,An address.,region,"The region. For example, CA.",string|null,OCDS 1.1.5 canonical release schema; Address.region,source_provided
Address,An address.,postalCode,"The postal code. For example, 94043.",string|null,OCDS 1.1.5 canonical release schema; Address.postalCode,source_provided
Address,An address.,countryName,"The country name. For example, United States.",string|null,OCDS 1.1.5 canonical release schema; Address.countryName,source_provided
Item,"A good, service, or work to be contracted.",id,A local identifier to reference and merge the items by. Must be unique within a given array of items.,string|integer,OCDS 1.1.5 canonical release schema; Item.id,source_provided
Item,"A good, service, or work to be contracted.",description,"A description of the goods, services to be provided.",string|null,OCDS 1.1.5 canonical release schema; Item.description,source_provided
Item,"A good, service, or work to be contracted.",classification.scheme,"The scheme or codelist from which the classification code is taken. For line item classifications, this uses the open [itemClassificationScheme](https://standard.open-contracting.org/1.1/en/schema/codelists/#item-classification-scheme) codelist.",string|null,OCDS 1.1.5 canonical release schema; Item.classification.scheme,source_provided
Item,"A good, service, or work to be contracted.",classification.id,The classification code taken from the scheme.,string|integer|null,OCDS 1.1.5 canonical release schema; Item.classification.id,source_provided
Item,"A good, service, or work to be contracted.",classification.description,A textual description or title for the classification code.,string|null,OCDS 1.1.5 canonical release schema; Item.classification.description,source_provided
Item,"A good, service, or work to be contracted.",classification.uri,A URI to uniquely identify the classification code.,string|null,OCDS 1.1.5 canonical release schema; Item.classification.uri,source_provided
Item,"A good, service, or work to be contracted.",quantity,The number of units to be provided.,number|null,OCDS 1.1.5 canonical release schema; Item.quantity,source_provided
Item,"A good, service, or work to be contracted.",unit.scheme,"The list from which identifiers for units of measure are taken, using the open [unitClassificationScheme](https://standard.open-contracting.org/1.1/en/schema/codelists/#unit-classification-scheme) codelist. 'UNCEFACT' is recommended.",string|null,OCDS 1.1.5 canonical release schema; Item.unit.scheme,source_provided
Item,"A good, service, or work to be contracted.",unit.id,The identifier from the codelist referenced in the `scheme` field. Check the [unitClassificationScheme](https://standard.open-contracting.org/1.1/en/schema/codelists/#unit-classification-scheme) codelist for details of how to find and use identifiers from the scheme in use.,string|null,OCDS 1.1.5 canonical release schema; Item.unit.id,source_provided
Item,"A good, service, or work to be contracted.",unit.name,Name of the unit.,string|null,OCDS 1.1.5 canonical release schema; Item.unit.name,source_provided
Item,"A good, service, or work to be contracted.",unit.value.amount,Amount as a number.,number|null,OCDS 1.1.5 canonical release schema; Item.unit.value.amount,source_provided
Item,"A good, service, or work to be contracted.",unit.value.currency,"The currency of the amount, from the closed [currency](https://standard.open-contracting.org/1.1/en/schema/codelists/#currency) codelist.",string|null,OCDS 1.1.5 canonical release schema; Item.unit.value.currency,source_provided
Item,"A good, service, or work to be contracted.",unit.uri,"The machine-readable URI for the unit of measure, provided by the scheme.",string|null,OCDS 1.1.5 canonical release schema; Item.unit.uri,source_provided
Classification,"A classification consists of at least two parts: an identifier for the list (scheme) from which the classification is taken, and an identifier for the category from that list being applied. It is useful to also publish a text label and/or URI that users can draw on to interpret the classification.",scheme,"The scheme or codelist from which the classification code is taken. For line item classifications, this uses the open [itemClassificationScheme](https://standard.open-contracting.org/1.1/en/schema/codelists/#item-classification-scheme) codelist.",string|null,OCDS 1.1.5 canonical release schema; Classification.scheme,source_provided
Classification,"A classification consists of at least two parts: an identifier for the list (scheme) from which the classification is taken, and an identifier for the category from that list being applied. It is useful to also publish a text label and/or URI that users can draw on to interpret the classification.",id,The classification code taken from the scheme.,string|integer|null,OCDS 1.1.5 canonical release schema; Classification.id,source_provided
Classification,"A classification consists of at least two parts: an identifier for the list (scheme) from which the classification is taken, and an identifier for the category from that list being applied. It is useful to also publish a text label and/or URI that users can draw on to interpret the classification.",description,A textual description or title for the classification code.,string|null,OCDS 1.1.5 canonical release schema; Classification.description,source_provided
Classification,"A classification consists of at least two parts: an identifier for the list (scheme) from which the classification is taken, and an identifier for the category from that list being applied. It is useful to also publish a text label and/or URI that users can draw on to interpret the classification.",uri,A URI to uniquely identify the classification code.,string|null,OCDS 1.1.5 canonical release schema; Classification.uri,source_provided
Value,Financial values should be published with a currency attached.,amount,Amount as a number.,number|null,OCDS 1.1.5 canonical release schema; Value.amount,source_provided
Value,Financial values should be published with a currency attached.,currency,"The currency of the amount, from the closed [currency](https://standard.open-contracting.org/1.1/en/schema/codelists/#currency) codelist.",string|null,OCDS 1.1.5 canonical release schema; Value.currency,source_provided
Period,"Key events during a contracting process may have a known start date, end date, duration, or maximum extent (the latest date the period can extend to). In some cases, not all of these fields will have known or relevant values.",startDate,"The start date for the period. When known, a precise start date must be provided.",string|null,OCDS 1.1.5 canonical release schema; Period.startDate,source_provided
Period,"Key events during a contracting process may have a known start date, end date, duration, or maximum extent (the latest date the period can extend to). In some cases, not all of these fields will have known or relevant values.",endDate,"The end date for the period. When known, a precise end date must be provided.",string|null,OCDS 1.1.5 canonical release schema; Period.endDate,source_provided
Period,"Key events during a contracting process may have a known start date, end date, duration, or maximum extent (the latest date the period can extend to). In some cases, not all of these fields will have known or relevant values.",maxExtentDate,The period cannot be extended beyond this date. This field can be used to express the maximum available date for extension or renewal of this period.,string|null,OCDS 1.1.5 canonical release schema; Period.maxExtentDate,source_provided
Period,"Key events during a contracting process may have a known start date, end date, duration, or maximum extent (the latest date the period can extend to). In some cases, not all of these fields will have known or relevant values.",durationInDays,"The maximum duration of this period in days. A user interface can collect or display this data in months or years as appropriate, and then convert it into days when storing this field. This field can be used when exact dates are not known. If a startDate and endDate are set, this field, if used, should be equal to the difference between startDate and endDate. Otherwise, if a startDate and maxExtentDate are set, this field, if used, should be equal to the difference between startDate and maxExtentDate.",integer|null,OCDS 1.1.5 canonical release schema; Period.durationInDays,source_provided
